scene_id,method,checkpoint,psnr,ssim,lpips
032dee9fb0a8bc1b90871dc5fe950080d0bcd3caf166447f44e60ca50ac04ec7,nerfacto,step-000029999.ckpt,21.366498947143555,0.8197698593139648,0.11106812953948975
0569e83fdc248a51fc0ab082ce5e2baff15755c53c207f545e6d02d91f01d166,nerfacto,step-000029999.ckpt,22.38554573059082,0.6763647198677063,0.14375968277454376
06da796666297fe4c683c231edf56ec00148a6a52ab5bb159fe1be31f53a58df,nerfacto,step-000029999.ckpt,21.669099807739258,0.7666042447090149,0.24540336430072784
073f5a9b983ced6fb28b23051260558b165f328a16b2d33fe20585b7ee4ad561,nerfacto,step-000029999.ckpt,18.18358039855957,0.38233527541160583,0.3356328308582306
07d9f9724ca854fae07cb4c57d7ea22bf667d5decd4058f547728922f909956b,nerfacto,step-000029999.ckpt,25.920751571655273,0.9275193214416504,0.057022079825401306
0853979305f7ecb80bd8fc2c8df916410d471ef04ed5f1a64e9651baa41d7695,nerfacto,step-000029999.ckpt,27.039323806762695,0.9063436388969421,0.08978438377380371
093ef327b4e4f9d4ee52c02a354a53558a8652157fb0d58f3b4a708734afb334,nerfacto,step-000029999.ckpt,23.58059310913086,0.8195860981941223,0.12052533775568008
0a1b7c20a92c43c6b8954b1ac909fb2f0fa8b2997b80604bc8bbec80a1cb2da3,nerfacto,step-000029999.ckpt,27.74810791015625,0.9142343401908875,0.0570659264922142
0a485338bbdaf19ba9090b874bb36ef0599a9c9a475a382c22903cf5981c6ea6,nerfacto,step-000029999.ckpt,22.39158058166504,0.7735903263092041,0.10006316751241684
0bfdd020cf475b9c68e4b469d1d1a2d0cad303eefe8b78fb2307855afdaac8be,nerfacto,step-000029999.ckpt,22.582048416137695,0.7059563398361206,0.22708970308303833
119fd56d3797e2d349ca64ddcc5851463cd13b5974b5b2e4566ed5cf7e02e6c1,nerfacto,step-000029999.ckpt,23.340585708618164,0.809249997138977,0.19569475948810577
1264931635e127fb905c8953cbc2deadd0c763e633af7fbd9405a61ca849710c,nerfacto,step-000029999.ckpt,21.88079833984375,0.6270993947982788,0.2126455456018448
14eb48a50e37df548894ab6d8cd628a21dae14bbe6c462e894616fc5962e6c49,nerfacto,step-000029999.ckpt,23.149368286132812,0.769395649433136,0.23258599638938904
15ff83e2531668d27c92091c97d31401ce323e24ee7c844cb32d5109ab9335f7,nerfacto,step-000029999.ckpt,24.314212799072266,0.818596601486206,0.13515743613243103
165f5af8bfe32f70595a1c9393a6e442acf7af019998275144f605b89a306557,nerfacto,step-000029999.ckpt,22.27420997619629,0.6692568063735962,0.20253242552280426
183dd248f6a86e07c5adf9de8ee2d0abe45b1216331c03678e89634c2e9b1c7f,nerfacto,step-000029999.ckpt,26.90430450439453,0.8671409487724304,0.17098960280418396
1ba74c22670ad047981441581d00f26f4a148d1010bcac7468c615adf5fa4d5d,nerfacto,step-000029999.ckpt,25.65948486328125,0.9016076326370239,0.1714116483926773
1d6a9ed47cce39fd1c4d18f776bcc97e507b81bde921ca596bd91b0b02b5e414,nerfacto,step-000029999.ckpt,19.777563095092773,0.588129997253418,0.22686845064163208
1da888bdedfc9629c0fa9f82cf3f5d96f8103baee0ff64d9311aea1224a9f2ae,nerfacto,step-000029999.ckpt,20.999080657958984,0.7084527611732483,0.14634506404399872
1de58be515696102c364b767f296600ffff853d4145a60dd30ece9d935317654,nerfacto,step-000029999.ckpt,27.57162857055664,0.9034537672996521,0.03526686131954193
2385549d398bdfb55ed17b547c9846f0d01d571b4e050f90df707b577084fb55,nerfacto,step-000029999.ckpt,20.41383934020996,0.615378737449646,0.1292964667081833
26fd23358fa11fff0fb3180ef0b65591b486e20dcf753ce4a7aae49a37e370c7,nerfacto,step-000029999.ckpt,23.225183486938477,0.669609546661377,0.14819830656051636
280abf7bd93b81b077af1db638229dbb09869052fa0b7b57c81c94d2db893829,nerfacto,step-000029999.ckpt,22.42306900024414,0.8202034831047058,0.19095663726329803
286239bd0d4436b747987c40f8cbfc0675bb69435d4ab19a3f73b9d816d0c09a,nerfacto,step-000029999.ckpt,21.12507438659668,0.7789511680603027,0.1844508945941925
2991a75d1f0fb2b7a891d424fc2459bb954b61599b52e74a056a7acfb2998b77,nerfacto,step-000029999.ckpt,23.271764755249023,0.7845683693885803,0.1785295605659485
2b65ba886efac7af6253fce68ae9284bf4d4db019e17c47f3e853361acbdb066,nerfacto,step-000029999.ckpt,20.087188720703125,0.6784156560897827,0.2075974941253662
2beaca318994c25409dcbb6d0bdd96c3620f2f18aec44ea3f20edd302f18ca78,nerfacto,step-000029999.ckpt,19.479135513305664,0.6143100261688232,0.16656464338302612
2cbfe28643b6636f9c70813cae7625aa858a352109493ac70fb429ce94dd55b3,nerfacto,step-000029999.ckpt,24.664188385009766,0.8805486559867859,0.07576622813940048
2f3e1c0f688c84cec67f9a1ea219c54c14ffabf31a046e620dacc690cac2f1bd,nerfacto,step-000029999.ckpt,22.14064598083496,0.7529324889183044,0.18678376078605652
32c2b92fac40c698fa92de008a9aad0857168d255363a850a89de88b5b3ec42e,nerfacto,step-000029999.ckpt,26.940919876098633,0.849531352519989,0.13452845811843872
341b4ff3dfd3d377d7167bd81f443bedafbff003bf04881b99760fc0aeb69510,nerfacto,step-000029999.ckpt,18.71218490600586,0.607393741607666,0.2460334748029709
35317e621976e87f0c143e66fc61fb8cddb4ff134304da7a00e32ac1983105b4,nerfacto,step-000029999.ckpt,24.13126564025879,0.8080606460571289,0.1545151025056839
35872363e17af5d173b6a0b09fcf5de94627ad5dc5f8a9ad4c579f3e70b4797a,nerfacto,step-000029999.ckpt,18.141597747802734,0.5438537001609802,0.2909795045852661
374ffd0c5ff8e544f588f1da3ce0d5b69dc39ff3af95d7ccec480fe5e533c45e,nerfacto,step-000029999.ckpt,25.923185348510742,0.8645544052124023,0.1073758453130722
387eeb925ba47af5db9ce6102aaf6b07e6d3573b7e7568dda4cef22d5ab1342f,nerfacto,step-000029999.ckpt,19.571470260620117,0.6027159690856934,0.1621863692998886
389a460ca1995e0658e85fe8e6b520b4e88b370cd6710dfe728b1564bba31aee,nerfacto,step-000029999.ckpt,23.409812927246094,0.8654688000679016,0.16150932013988495
3b16a10ec9b4ab71580958b634485a979ffd6df0d368dbbf6fc1c5ffacf46b7a,nerfacto,step-000029999.ckpt,22.349246978759766,0.7337387800216675,0.25038251280784607
3b7529dcccf7097cba31a989536035595e214b0f3775867fd3a62eb186870090,nerfacto,step-000029999.ckpt,23.217424392700195,0.752666711807251,0.10496146976947784
3bb3bb4d3e871d79eb71946cbab1e3afc7a8e33a661153033f32deb3e23d2e52,nerfacto,step-000029999.ckpt,22.123138427734375,0.8530972003936768,0.1444701850414276
3bb894d1933f3081134ad2d40e54de5f0636bd8b502b0a8561873bb63b0dce85,nerfacto,step-000029999.ckpt,21.896039962768555,0.6833796501159668,0.1402495801448822
41036716da7efda334c1d434c4141d15642e0e02f881a01b6c8c36f8bea64c45,nerfacto,step-000029999.ckpt,23.27618980407715,0.8453614115715027,0.1630510836839676
444da1b4a3f1ca019d4c9c1b405a579427746ccc96cab6dab7dcba5cb4fc998c,nerfacto,step-000029999.ckpt,22.11066246032715,0.7612258195877075,0.199454203248024
457e9a1ae777b0c72be723aaeec971b39cc6d5d413d922f981ec9785395f7ca9,nerfacto,step-000029999.ckpt,25.781112670898438,0.8609495759010315,0.14945191144943237
484c0aca40c1087f196d2caf3c8cb463864c08e60b98326ca02eb6dae8ce4984,nerfacto,step-000029999.ckpt,22.713672637939453,0.8161380887031555,0.20867063105106354
493816813d2d6d248eb3c2b0b77b63e54235266e9a06e270fd0d282f13960493,nerfacto,step-000029999.ckpt,22.018539428710938,0.7479072213172913,0.11319640278816223
4ae797d07b6d1644c9db6919c8cc8c0d28d72be45108ac7a3abf8dc21b599d83,nerfacto,step-000029999.ckpt,24.54861068725586,0.8549079895019531,0.10956848412752151
4ff8650b5c1140e98d957fbd1abbe2cfbbb416b37cb9f06f7f376956703801bb,nerfacto,step-000029999.ckpt,23.232311248779297,0.8465139269828796,0.12074247002601624
50c46cf8b8b22c8d2ffdef8964b05ddbceaef312c9a9ff331d1ecebfd223f72a,nerfacto,step-000029999.ckpt,26.40880012512207,0.9029779434204102,0.13339544832706451
513e4ea2e8477b06f2b32417d5c243aec71d491cb0596a60e9fe304c635f20a1,nerfacto,step-000029999.ckpt,24.82117462158203,0.8504859209060669,0.09818956255912781
54bf355ca7e08ed1bc86f5772e564ac0f92981ca25dab24d86b694e915fc4c43,nerfacto,step-000029999.ckpt,24.497272491455078,0.8767085671424866,0.12263228744268417
56452d9cd9e2e034764132a57058517ab085e1352f9664d2d1e10e98741334fc,nerfacto,step-000029999.ckpt,21.653263092041016,0.6416774988174438,0.2884465754032135
565553aa894be621e8b4773cac288e60ad0c2cf7edb621be62b348c9a0f78380,nerfacto,step-000029999.ckpt,20.159772872924805,0.6713118553161621,0.15385767817497253
599ca3e04cae3ec83affc426af7d0d7ab36eb91cd8e539edbc13070a4d455792,nerfacto,step-000029999.ckpt,21.381437301635742,0.7435656785964966,0.2268146127462387
5a27c00f525f5484b7aa0d0107051253bf7bb395bde0b3a4486ff8c52fb4965e,nerfacto,step-000029999.ckpt,21.85036849975586,0.7103323936462402,0.10730613768100739
5a69d1027b477be4d2933b765723d57b272e0ace96be7885306464d54aa2c038,nerfacto,step-000029999.ckpt,23.25279998779297,0.7654312252998352,0.13625599443912506
5c3af581028068a3c402c7cbe16ecf9471ddf2897c34ab634b7b1b6cf81aba00,nerfacto,step-000029999.ckpt,26.105995178222656,0.876944899559021,0.08771141618490219
5c8dafad7d782c76ffad8c14e9e1244ce2b83aa12324c54a3cc10176964acf04,nerfacto,step-000029999.ckpt,25.643096923828125,0.8943513631820679,0.1078905463218689
5f0041e53d59d67c3ca25db97b269db183a532c4566a6bc46ca0e69cfa4234ad,nerfacto,step-000029999.ckpt,23.14260482788086,0.7732846140861511,0.10180249810218811
63798f5c6fbfcb4eb686268248b8ecbc8d87d920b2bcce967eeaedfd3b3b6d82,nerfacto,step-000029999.ckpt,24.377906799316406,0.8566534519195557,0.14951561391353607
669c36225b273e22ce08364f166dce910b708d7abd89e58463a15d2790b534d5,nerfacto,step-000029999.ckpt,22.655784606933594,0.7884461283683777,0.1762414574623108
66fd66cbed40a2d11ecd17ae6d6d60cd60d476616864ecdd351fe69e644f30a1,nerfacto,step-000029999.ckpt,26.313966751098633,0.9169730544090271,0.10309582203626633
6d221625614d0515fa44d59a8797a49b64f86bc775e66be22f07a66aa0a0cb3a,nerfacto,step-000029999.ckpt,23.783042907714844,0.7498816251754761,0.21265605092048645
6d81c5ab0d480fd43d78b75ff372a8113ad38e2c03f1d69627c009883054d4c2,nerfacto,step-000029999.ckpt,17.25943946838379,0.5536518692970276,0.40719836950302124
6e11e7f4fea305c7c4658d2c1f8df29e6f299330860cf48ffbf1c5ff8b96c0a8,nerfacto,step-000029999.ckpt,26.059293746948242,0.9200356602668762,0.1321130394935608
70eac6ff18a1daae4eeccc5eb18723eaf7e029a77e79c79d9573f7bac59ba92b,nerfacto,step-000029999.ckpt,19.25225067138672,0.661308228969574,0.20696403086185455
71b2dc8a2aa553da09b8b94b9f0d5e8abcca307def74d26301616ee238464d46,nerfacto,step-000029999.ckpt,27.17718505859375,0.9251560568809509,0.06470656394958496
75fbbe467353cfdeb93bc1872144855576797be83a0c71c51155ee6b355d6d5e,nerfacto,step-000029999.ckpt,20.665843963623047,0.6365060210227966,0.1732400804758072
7705a2edd022de9da3f8cead677287645986e982d9247a21e1992859a59f8335,nerfacto,step-000029999.ckpt,24.75174903869629,0.7935788631439209,0.22011114656925201
7a9f97660be8f2421b37dd413c898360532f17c6447c11515e8aded2d80eb99d,nerfacto,step-000029999.ckpt,23.790630340576172,0.7772189974784851,0.16709476709365845
7da3db99059a436adf537bc23309a6a4db9e011696d086f3a64037f7497d9df7,nerfacto,step-000029999.ckpt,25.18659019470215,0.8520815372467041,0.12726153433322906
800cf88687a79c232700454c2f5a402e771bc7157037a17b0ce93da365b25575,nerfacto,step-000029999.ckpt,20.412939071655273,0.598809003829956,0.2523419260978699
8324b3ca22085040c2a0ecb7284e0cdf776b1f846b73a7c0df893587cb4a45f8,nerfacto,step-000029999.ckpt,19.883886337280273,0.7395743727684021,0.23329681158065796
85cd0e92110bcd35e826cbff16bb0e85d8117717adaf36f0698920f0fb9b2cfd,nerfacto,step-000029999.ckpt,21.459964752197266,0.6485320329666138,0.16839800775051117
8b9fb9d9f10e8c64d5034be69809465753b8ba88ef12da82afd47d38ee789934,nerfacto,step-000029999.ckpt,20.43204116821289,0.6927281022071838,0.22991755604743958
8cb2e97d26a639f05a571476240a8fa86988e6853f0f13cc05830d1578002aad,nerfacto,step-000029999.ckpt,23.666748046875,0.7720016241073608,0.1613297164440155
8fdc5130f0731360cc053f59049bfe6db509567457c5471c970292966cb34f17,nerfacto,step-000029999.ckpt,24.134723663330078,0.8670731782913208,0.12566763162612915
90cb7ef95384138c2370f13a9ae1698fb1b5bdd68e8b3d01f8e53d38933a4b92,nerfacto,step-000029999.ckpt,24.891389846801758,0.860325276851654,0.14134958386421204
917e9c8985d353b0ee4c281f11fa84eb8550814562670cbb82cd0ec9c1194fe7,nerfacto,step-000029999.ckpt,23.487510681152344,0.795139491558075,0.09585796296596527
918c8dad730c3b804306c5da8486124be4aa0612e85fb825338fd350c912e1b0,nerfacto,step-000029999.ckpt,23.352645874023438,0.8211190104484558,0.19439546763896942
91afb9910b042f7185c2b8e4b6b24b5785dae4542617b3f8005b5492f6d123f7,nerfacto,step-000029999.ckpt,26.08455467224121,0.8799511194229126,0.11636275798082352
946f49be73928469000baa5ca04d2573137c5ee6a66362bcf8d130354dca8924,nerfacto,step-000029999.ckpt,22.43868637084961,0.6683209538459778,0.09986578673124313
9641a1ed7963ce5ca734cff3e6ccea3dfa8bcb0b0a3ff78f65d32a080de2d71e,nerfacto,step-000029999.ckpt,21.653301239013672,0.7236306667327881,0.2989329993724823
9c8c0e0fadd97abf60088f667eba058ef077a71a8c0f5a4eff2782aa97f1ceb8,nerfacto,step-000029999.ckpt,23.505935668945312,0.7337321043014526,0.1538185477256775
9cbc5548643ca9cfe797f871bac58bccd02f0510c49b7cb3697b38dfd780a508,nerfacto,step-000029999.ckpt,22.52134895324707,0.7749167084693909,0.15780411660671234
9e9a89ae6fed06d6e2f4749b4b0059f35ca97f848cedc4a14345999e746f7884,nerfacto,step-000029999.ckpt,25.19914436340332,0.9104321002960205,0.12136869877576828
9fb0588ff045ec64119c5bc91b44a4b7400e5fae5a17e67762b29e6855b57118,nerfacto,step-000029999.ckpt,23.859050750732422,0.8163431286811829,0.10091692954301834
a17a984ca90a9b5840fdf85b15104b0d18e25975981c1aa90fcdfd6eeeb285f3,nerfacto,step-000029999.ckpt,22.114274978637695,0.7703507542610168,0.1237519234418869
a401469cb0fa576b93e836a4a6d712394f1a55a0a53a42250286980bd078e669,nerfacto,step-000029999.ckpt,23.86160659790039,0.8095925450325012,0.13395702838897705
a62c330f5403e2e41a82a74c4e865b705c5706843b992fae2fe2e538b122d984,nerfacto,step-000029999.ckpt,24.175554275512695,0.8404892683029175,0.13580092787742615
a62f9a1c6362e7c8a3440261ea0921a0a4b60cf5822bd19579836694f26b3abd,nerfacto,step-000029999.ckpt,22.63029670715332,0.7711144685745239,0.15983207523822784
a726c1112ad026efc92f59f196c0698e67abd12a04135a7ff6349b1d31b089eb,nerfacto,step-000029999.ckpt,21.17987632751465,0.8386062383651733,0.22141249477863312
adb95f29c15b8a89e40c17d10596679be09d7719c6f08a453facd506d056ea8b,nerfacto,step-000029999.ckpt,18.13258171081543,0.6235790252685547,0.2606083154678345
adf35184a12d4cfa3f4248b87aa5adb4f39f179df460d6d76136e13d37299a2a,nerfacto,step-000029999.ckpt,24.223388671875,0.7979302406311035,0.1529965102672577
af0d7039e64af3959210c235e59425896ac064f4e0f721c437bbd2cf1d8ea910,nerfacto,step-000029999.ckpt,19.65513801574707,0.6370252966880798,0.20154373347759247
b2076bc7231bac445b1a3d0015a410675a3222f25cc219e8178a62a0dd4ac63d,nerfacto,step-000029999.ckpt,22.92913055419922,0.7829570174217224,0.14555583894252777
b3bf9079b442c681749f6bd95cfb0659c6d844f2228b2f4fa4b602a0e3627b9a,nerfacto,step-000029999.ckpt,23.054157257080078,0.7897247672080994,0.1428242176771164
b4f53094fd31dcc2de1c1d1fdfeffac5259e9bdf39d77b552ff948e4bdf1fd8e,nerfacto,step-000029999.ckpt,21.116357803344727,0.6551713347434998,0.12082681059837341
b5faa2a8ce980030125717352086bf9ec16c5d994bae3b3a732da3eb67cf4fa8,nerfacto,step-000029999.ckpt,22.76259994506836,0.7774800062179565,0.2513402998447418
b6d1134cb03c855d246f916beaa2d3d01290cf47937a5176011ff39b850ec615,nerfacto,step-000029999.ckpt,18.70856285095215,0.5616683959960938,0.15667369961738586
b92b499c9bf92327d5f3a44c9db49bde3400dcb1cfec48d6488831e2b304d0bb,nerfacto,step-000029999.ckpt,25.852245330810547,0.9178534150123596,0.07962624728679657
ba55c875d20c34ee85ffc72264c4d77710852e5fb7d9ce4b9c26a8442850e98f,nerfacto,step-000029999.ckpt,28.435958862304688,0.912888765335083,0.07888279855251312
c076929db6501cf7ebe386c70e6d77ea3af844a745e794f2ec17c981c465a69b,nerfacto,step-000029999.ckpt,24.594953536987305,0.7602730393409729,0.11724508553743362
c37109a55effe0000f8e40652ca935376e75bcb2a0b56de8eabd20a26e2a0f68,nerfacto,step-000029999.ckpt,19.60388946533203,0.5310699939727783,0.32376447319984436
c37726ce770ac50a2cf5c0f43022f0268e26da0d777cd8e3a3418c4eed03fd94,nerfacto,step-000029999.ckpt,17.72837257385254,0.41789600253105164,0.22510889172554016
c455899acfc8816353a55fade692d19d9c2bff68c8615f852931d5754848db74,nerfacto,step-000029999.ckpt,24.337505340576172,0.8328357338905334,0.18052572011947632
cbd44beb04f9c98f2d2c5affff89a6e0a72c25f1aa0c6f660fbd9e4d26702f8b,nerfacto,step-000029999.ckpt,22.06747817993164,0.7520731091499329,0.1101750060915947
cc08c0bdc34ddd2867705d0b17a86ec2a9d7c7926ce99070ed1fdc66a812de07,nerfacto,step-000029999.ckpt,24.814067840576172,0.8274402022361755,0.11877980828285217
cd9c981eeb4a9091547af19181b382698e9d9eee0a838c7c9783a8a268af6aee,nerfacto,step-000029999.ckpt,18.29589080810547,0.6245547533035278,0.17434947192668915
ceb252f5d4419510655cf9ed7afbf3e8e688825f798d80414c7715dc8ace153a,nerfacto,step-000029999.ckpt,25.992658615112305,0.8948066234588623,0.09256713837385178
d1b3a0b37acc72207295b05e8c359f8b43bf879eb882c60747cfc6d3c7d8efa3,nerfacto,step-000029999.ckpt,23.30252456665039,0.7623197436332703,0.20348648726940155
d3812aad538261e7f73c75762ff55f23b468bcc76f376d52ac86ca6cf3c44b4b,nerfacto,step-000029999.ckpt,18.150983810424805,0.6215457916259766,0.3930037021636963
d3af8212ae1600f078c4ac1ef3c9369a7f41ee9d005dbd0c545cf43fc35a9a23,nerfacto,step-000029999.ckpt,24.759183883666992,0.7915341854095459,0.11248967796564102
d4fbeba0168af8fddb2fc695881787aedcd62f477c7dcec9ebca7b8594bbd95b,nerfacto,step-000029999.ckpt,22.042736053466797,0.7131485939025879,0.1431528776884079
d8de66037bd03dd0d39d54f9978bac3318d912e30e22c21e1ada82a98ed48c53,nerfacto,step-000029999.ckpt,18.199331283569336,0.534954309463501,0.3510431945323944
d904ae2998f775e4cb1dafe542b8df9706195c1983c4b2d5b2b5c71dcc75570a,nerfacto,step-000029999.ckpt,21.259403228759766,0.7125098705291748,0.24096287786960602
d9b6376623741313bf6da6bf4cdb9828be614a2ce9390ceb3f31cd535d661a75,nerfacto,step-000029999.ckpt,20.458724975585938,0.5784406065940857,0.2906666398048401
d9f4c746e6fa456323601b8ca05357c5585d34663c765107d901b4fd929d784b,nerfacto,step-000029999.ckpt,26.999284744262695,0.9237374067306519,0.06429331004619598
dac9796dd69e1c25277e29d7e30af4f21e3b575d62a0a208c2b3d1211e2d5d77,nerfacto,step-000029999.ckpt,24.795927047729492,0.8465625643730164,0.14387473464012146
dafa9c7cbda9d1ddaa8a2b51fc8c54f4eb44161f5e5c53685dc744580ca77751,nerfacto,step-000029999.ckpt,18.794401168823242,0.4825572073459625,0.2600021958351135
ddfdcfdf02d53dd89a055cd9e1ed30272ab3f57c7560ac2c3761bb01d76a7882,nerfacto,step-000029999.ckpt,19.771732330322266,0.6330893039703369,0.1957273632287979
ded5e4b46aedbef4cdb7bd1db7fc4cc5b00a9979ad6464bdadfab052cd64c101,nerfacto,step-000029999.ckpt,26.3822021484375,0.8759199976921082,0.18083347380161285
df04f58064684c1a31aa0ffbbcf34199d01d0a0ff289588eb2d6c6cf50a3922c,nerfacto,step-000029999.ckpt,25.2969970703125,0.8576970100402832,0.06523625552654266
df29c225863d0173e060b1f3fde4e6eb5a57a4e4edabd397026ba1a028aeb39e,nerfacto,step-000029999.ckpt,26.361289978027344,0.8224617838859558,0.1115068644285202
df4f9d9a0adfc54c49607bc792be6ed6f751b67e37c588472ea58b0d898310dd,nerfacto,step-000029999.ckpt,24.717992782592773,0.860622763633728,0.15344488620758057
e5684b3292bfd77db297839fc37ee4cce7fd59775af1a6a4827e3b4f59c036d3,nerfacto,step-000029999.ckpt,24.518959045410156,0.8219837546348572,0.21249066293239594
e78f8cebd2bd93d960bfaeac18fac0bb2524f15c44288903cd20b73e599e8a81,nerfacto,step-000029999.ckpt,23.514965057373047,0.8435792326927185,0.0773354172706604
e8ce51b6abfe05bf8dca47e29c8be6c1e6de27a8c9fece7a121400b931b2ca0f,nerfacto,step-000029999.ckpt,21.6402645111084,0.7758073806762695,0.22513604164123535
e9360e7a89bee835dc847cf8796093e634b759ff582558788dcfe8326f6e8901,nerfacto,step-000029999.ckpt,20.427534103393555,0.6988129615783691,0.1904180943965912
eb4cf52988f805e6fce11d1b239fa9de32eb157364cff06ebac0aa50e0a46567,nerfacto,step-000029999.ckpt,25.892919540405273,0.8466963768005371,0.12374700605869293
ec1e44d4dc0f8fa77610866495f9297a7f82158c43e1777668b84fd4b736c7bc,nerfacto,step-000029999.ckpt,24.065502166748047,0.8241207599639893,0.15273445844650269
ec305787b70029b782c71c1bf296c3885c7c22619e5661bd40085533ddfee5e4,nerfacto,step-000029999.ckpt,23.332265853881836,0.870833158493042,0.14057062566280365
ed16328235c610f15405ff08711eaf15d88a0503884f3a9ccb5a0ee69cb4acb5,nerfacto,step-000029999.ckpt,21.957956314086914,0.6177617907524109,0.20561736822128296
ef59aac437132bfc1dd45a7e1f8e4800978e7bb28bf98c4428d26fb3e1da3e90,nerfacto,step-000029999.ckpt,22.413267135620117,0.5717837810516357,0.20529527962207794
f004c810d94bac93f527606a2ff859d646f99fcac0868c6c6905b29c718fa37b,nerfacto,step-000029999.ckpt,25.964019775390625,0.9053027033805847,0.08374643325805664
f477ffc4b398bed8e0d921f0fba9825ca63f317381c535c84be23be991ae1d7a,nerfacto,step-000029999.ckpt,21.68695068359375,0.7454144358634949,0.1510130763053894
f71ac346cd0fc4652a89afb37044887ec3907d37d01d1ceb0ad28e1a780d8e03,nerfacto,step-000029999.ckpt,22.961376190185547,0.7228610515594482,0.11836113780736923
f7aaea9ac683bb1945cfeb1daa9abca3375249e0d19281a89a3f575040835464,nerfacto,step-000029999.ckpt,18.19173812866211,0.46663206815719604,0.2153369039297104
fb2c0499c225d6124938cadcf0dc48cbb490551b8a69c98386491c1366163632,nerfacto,step-000029999.ckpt,25.281497955322266,0.8419109582901001,0.1328156739473343
fb3b73f1d3fe9d192f21f55f5100fd258887aef345f778e0a64fc0587930a6f9,nerfacto,step-000029999.ckpt,18.281543731689453,0.48050084710121155,0.3234475553035736
ff592398657b3dfe94153332861985194a3e3c9d199c4a3a27a0ce4038e81ade,nerfacto,step-000029999.ckpt,27.460134506225586,0.8628729581832886,0.10724145174026489
032dee9fb0a8bc1b90871dc5fe950080d0bcd3caf166447f44e60ca50ac04ec7,splatfacto,step-000029999.ckpt,32.77098846435547,0.9524485468864441,0.04935326799750328
0569e83fdc248a51fc0ab082ce5e2baff15755c53c207f545e6d02d91f01d166,splatfacto,step-000029999.ckpt,30.43389892578125,0.9299834370613098,0.04643366113305092
06da796666297fe4c683c231edf56ec00148a6a52ab5bb159fe1be31f53a58df,splatfacto,step-000029999.ckpt,29.89698028564453,0.9347513318061829,0.08085113018751144
073f5a9b983ced6fb28b23051260558b165f328a16b2d33fe20585b7ee4ad561,splatfacto,step-000029999.ckpt,25.470746994018555,0.7943081855773926,0.18699373304843903
07d9f9724ca854fae07cb4c57d7ea22bf667d5decd4058f547728922f909956b,splatfacto,step-000029999.ckpt,37.39992141723633,0.9789595603942871,0.018397720530629158
0853979305f7ecb80bd8fc2c8df916410d471ef04ed5f1a64e9651baa41d7695,splatfacto,step-000029999.ckpt,34.90949249267578,0.9649392366409302,0.048065707087516785
093ef327b4e4f9d4ee52c02a354a53558a8652157fb0d58f3b4a708734afb334,splatfacto,step-000029999.ckpt,31.270503997802734,0.9522135853767395,0.08054947108030319
0a1b7c20a92c43c6b8954b1ac909fb2f0fa8b2997b80604bc8bbec80a1cb2da3,splatfacto,step-000029999.ckpt,34.348609924316406,0.9718458652496338,0.03353835642337799
0a485338bbdaf19ba9090b874bb36ef0599a9c9a475a382c22903cf5981c6ea6,splatfacto,step-000029999.ckpt,32.352561950683594,0.9574903845787048,0.04228685796260834
0bfdd020cf475b9c68e4b469d1d1a2d0cad303eefe8b78fb2307855afdaac8be,splatfacto,step-000029999.ckpt,27.836387634277344,0.8777640461921692,0.1325336992740631
119fd56d3797e2d349ca64ddcc5851463cd13b5974b5b2e4566ed5cf7e02e6c1,splatfacto,step-000029999.ckpt,28.57622718811035,0.9019416570663452,0.13546545803546906
1264931635e127fb905c8953cbc2deadd0c763e633af7fbd9405a61ca849710c,splatfacto,step-000029999.ckpt,26.5271053314209,0.835908055305481,0.12934736907482147
14eb48a50e37df548894ab6d8cd628a21dae14bbe6c462e894616fc5962e6c49,splatfacto,step-000029999.ckpt,30.047218322753906,0.9242829084396362,0.11704026162624359
15ff83e2531668d27c92091c97d31401ce323e24ee7c844cb32d5109ab9335f7,splatfacto,step-000029999.ckpt,30.26230239868164,0.921757698059082,0.06949438899755478
165f5af8bfe32f70595a1c9393a6e442acf7af019998275144f605b89a306557,splatfacto,step-000029999.ckpt,27.56602668762207,0.8705285787582397,0.10866623371839523
183dd248f6a86e07c5adf9de8ee2d0abe45b1216331c03678e89634c2e9b1c7f,splatfacto,step-000029999.ckpt,31.256099700927734,0.9424876570701599,0.09564875066280365
1ba74c22670ad047981441581d00f26f4a148d1010bcac7468c615adf5fa4d5d,splatfacto,step-000029999.ckpt,32.432151794433594,0.944500744342804,0.13284851610660553
1d6a9ed47cce39fd1c4d18f776bcc97e507b81bde921ca596bd91b0b02b5e414,splatfacto,step-000029999.ckpt,25.945125579833984,0.8625379204750061,0.100426085293293
1da888bdedfc9629c0fa9f82cf3f5d96f8103baee0ff64d9311aea1224a9f2ae,splatfacto,step-000029999.ckpt,33.64775085449219,0.9625822901725769,0.0454145222902298
1de58be515696102c364b767f296600ffff853d4145a60dd30ece9d935317654,splatfacto,step-000029999.ckpt,37.68837356567383,0.9834696054458618,0.014735977165400982
2385549d398bdfb55ed17b547c9846f0d01d571b4e050f90df707b577084fb55,splatfacto,step-000029999.ckpt,30.498023986816406,0.9407353401184082,0.050713423639535904
26fd23358fa11fff0fb3180ef0b65591b486e20dcf753ce4a7aae49a37e370c7,splatfacto,step-000029999.ckpt,31.194854736328125,0.9244872331619263,0.06785602122545242
280abf7bd93b81b077af1db638229dbb09869052fa0b7b57c81c94d2db893829,splatfacto,step-000029999.ckpt,31.276203155517578,0.9528039693832397,0.06072930619120598
286239bd0d4436b747987c40f8cbfc0675bb69435d4ab19a3f73b9d816d0c09a,splatfacto,step-000029999.ckpt,27.22867202758789,0.9126366376876831,0.07790829986333847
2991a75d1f0fb2b7a891d424fc2459bb954b61599b52e74a056a7acfb2998b77,splatfacto,step-000029999.ckpt,27.287233352661133,0.8947337865829468,0.10380393266677856
2b65ba886efac7af6253fce68ae9284bf4d4db019e17c47f3e853361acbdb066,splatfacto,step-000029999.ckpt,27.37399673461914,0.9054949283599854,0.08914382010698318
2beaca318994c25409dcbb6d0bdd96c3620f2f18aec44ea3f20edd302f18ca78,splatfacto,step-000029999.ckpt,32.40377426147461,0.9574225544929504,0.03854712098836899
2cbfe28643b6636f9c70813cae7625aa858a352109493ac70fb429ce94dd55b3,splatfacto,step-000029999.ckpt,36.049259185791016,0.9763202667236328,0.027938630431890488
2f3e1c0f688c84cec67f9a1ea219c54c14ffabf31a046e620dacc690cac2f1bd,splatfacto,step-000029999.ckpt,28.870561599731445,0.9061490893363953,0.11031640321016312
32c2b92fac40c698fa92de008a9aad0857168d255363a850a89de88b5b3ec42e,splatfacto,step-000029999.ckpt,33.874290466308594,0.9491893649101257,0.10823175311088562
341b4ff3dfd3d377d7167bd81f443bedafbff003bf04881b99760fc0aeb69510,splatfacto,step-000029999.ckpt,27.882118225097656,0.93800950050354,0.0737079381942749
35317e621976e87f0c143e66fc61fb8cddb4ff134304da7a00e32ac1983105b4,splatfacto,step-000029999.ckpt,29.24211311340332,0.9162663817405701,0.07816282659769058
35872363e17af5d173b6a0b09fcf5de94627ad5dc5f8a9ad4c579f3e70b4797a,splatfacto,step-000029999.ckpt,34.28328323364258,0.9707064032554626,0.03120652213692665
374ffd0c5ff8e544f588f1da3ce0d5b69dc39ff3af95d7ccec480fe5e533c45e,splatfacto,step-000029999.ckpt,34.4255485534668,0.9642210602760315,0.04086579382419586
387eeb925ba47af5db9ce6102aaf6b07e6d3573b7e7568dda4cef22d5ab1342f,splatfacto,step-000029999.ckpt,32.09309768676758,0.9555870890617371,0.049885042011737823
389a460ca1995e0658e85fe8e6b520b4e88b370cd6710dfe728b1564bba31aee,splatfacto,step-000029999.ckpt,31.239606857299805,0.9534560441970825,0.10925032198429108
3b16a10ec9b4ab71580958b634485a979ffd6df0d368dbbf6fc1c5ffacf46b7a,splatfacto,step-000029999.ckpt,26.235248565673828,0.8844188451766968,0.1101338267326355
3b7529dcccf7097cba31a989536035595e214b0f3775867fd3a62eb186870090,splatfacto,step-000029999.ckpt,32.48066329956055,0.9529370665550232,0.05762621760368347
3bb3bb4d3e871d79eb71946cbab1e3afc7a8e33a661153033f32deb3e23d2e52,splatfacto,step-000029999.ckpt,30.712623596191406,0.9509338140487671,0.07095082849264145
3bb894d1933f3081134ad2d40e54de5f0636bd8b502b0a8561873bb63b0dce85,splatfacto,step-000029999.ckpt,30.89991569519043,0.9357267618179321,0.054608460515737534
41036716da7efda334c1d434c4141d15642e0e02f881a01b6c8c36f8bea64c45,splatfacto,step-000029999.ckpt,32.14580535888672,0.958767831325531,0.060242317616939545
444da1b4a3f1ca019d4c9c1b405a579427746ccc96cab6dab7dcba5cb4fc998c,splatfacto,step-000029999.ckpt,27.38615608215332,0.9254603981971741,0.08568835258483887
457e9a1ae777b0c72be723aaeec971b39cc6d5d413d922f981ec9785395f7ca9,splatfacto,step-000029999.ckpt,30.148164749145508,0.9395953416824341,0.11290618032217026
484c0aca40c1087f196d2caf3c8cb463864c08e60b98326ca02eb6dae8ce4984,splatfacto,step-000029999.ckpt,28.756834030151367,0.9366543292999268,0.08861847966909409
493816813d2d6d248eb3c2b0b77b63e54235266e9a06e270fd0d282f13960493,splatfacto,step-000029999.ckpt,30.106731414794922,0.9394090175628662,0.05014926940202713
4ae797d07b6d1644c9db6919c8cc8c0d28d72be45108ac7a3abf8dc21b599d83,splatfacto,step-000029999.ckpt,30.43174934387207,0.9432273507118225,0.06215355172753334
4ff8650b5c1140e98d957fbd1abbe2cfbbb416b37cb9f06f7f376956703801bb,splatfacto,step-000029999.ckpt,33.8641357421875,0.9687158465385437,0.04174437373876572
50c46cf8b8b22c8d2ffdef8964b05ddbceaef312c9a9ff331d1ecebfd223f72a,splatfacto,step-000029999.ckpt,32.34328842163086,0.9521036148071289,0.09297744929790497
513e4ea2e8477b06f2b32417d5c243aec71d491cb0596a60e9fe304c635f20a1,splatfacto,step-000029999.ckpt,32.47773742675781,0.9545844793319702,0.05448663979768753
54bf355ca7e08ed1bc86f5772e564ac0f92981ca25dab24d86b694e915fc4c43,splatfacto,step-000029999.ckpt,30.67049217224121,0.9455388784408569,0.0564347505569458
56452d9cd9e2e034764132a57058517ab085e1352f9664d2d1e10e98741334fc,splatfacto,step-000029999.ckpt,26.11142921447754,0.8446230888366699,0.1592821329832077
565553aa894be621e8b4773cac288e60ad0c2cf7edb621be62b348c9a0f78380,splatfacto,step-000029999.ckpt,29.0745906829834,0.9294965863227844,0.063356913626194
599ca3e04cae3ec83affc426af7d0d7ab36eb91cd8e539edbc13070a4d455792,splatfacto,step-000029999.ckpt,27.05658531188965,0.8974956274032593,0.12887734174728394
5a27c00f525f5484b7aa0d0107051253bf7bb395bde0b3a4486ff8c52fb4965e,splatfacto,step-000029999.ckpt,33.68782043457031,0.9708499312400818,0.027697090059518814
5a69d1027b477be4d2933b765723d57b272e0ace96be7885306464d54aa2c038,splatfacto,step-000029999.ckpt,29.17452621459961,0.91343092918396,0.07008460909128189
5c3af581028068a3c402c7cbe16ecf9471ddf2897c34ab634b7b1b6cf81aba00,splatfacto,step-000029999.ckpt,32.92912673950195,0.9631881713867188,0.032283954322338104
5c8dafad7d782c76ffad8c14e9e1244ce2b83aa12324c54a3cc10176964acf04,splatfacto,step-000029999.ckpt,30.545316696166992,0.9365696310997009,0.1032128781080246
5f0041e53d59d67c3ca25db97b269db183a532c4566a6bc46ca0e69cfa4234ad,splatfacto,step-000029999.ckpt,33.971622467041016,0.9704629778862,0.030425546690821648
63798f5c6fbfcb4eb686268248b8ecbc8d87d920b2bcce967eeaedfd3b3b6d82,splatfacto,step-000029999.ckpt,31.924898147583008,0.9532149434089661,0.09339677542448044
669c36225b273e22ce08364f166dce910b708d7abd89e58463a15d2790b534d5,splatfacto,step-000029999.ckpt,28.690025329589844,0.931990921497345,0.08076455444097519
66fd66cbed40a2d11ecd17ae6d6d60cd60d476616864ecdd351fe69e644f30a1,splatfacto,step-000029999.ckpt,33.36176681518555,0.9691613912582397,0.04690248891711235
6d221625614d0515fa44d59a8797a49b64f86bc775e66be22f07a66aa0a0cb3a,splatfacto,step-000029999.ckpt,28.9813175201416,0.8952321410179138,0.13158784806728363
6d81c5ab0d480fd43d78b75ff372a8113ad38e2c03f1d69627c009883054d4c2,splatfacto,step-000029999.ckpt,24.125699996948242,0.8375647068023682,0.1772945374250412
6e11e7f4fea305c7c4658d2c1f8df29e6f299330860cf48ffbf1c5ff8b96c0a8,splatfacto,step-000029999.ckpt,33.245079040527344,0.964610755443573,0.08784697949886322
70eac6ff18a1daae4eeccc5eb18723eaf7e029a77e79c79d9573f7bac59ba92b,splatfacto,step-000029999.ckpt,27.837141036987305,0.9279084801673889,0.06507495045661926
71b2dc8a2aa553da09b8b94b9f0d5e8abcca307def74d26301616ee238464d46,splatfacto,step-000029999.ckpt,33.826663970947266,0.9741249680519104,0.04013821482658386
75fbbe467353cfdeb93bc1872144855576797be83a0c71c51155ee6b355d6d5e,splatfacto,step-000029999.ckpt,30.935997009277344,0.9453433156013489,0.056088659912347794
7705a2edd022de9da3f8cead677287645986e982d9247a21e1992859a59f8335,splatfacto,step-000029999.ckpt,31.948036193847656,0.929945707321167,0.12244672328233719
7a9f97660be8f2421b37dd413c898360532f17c6447c11515e8aded2d80eb99d,splatfacto,step-000029999.ckpt,32.542545318603516,0.9514532685279846,0.061563704162836075
7da3db99059a436adf537bc23309a6a4db9e011696d086f3a64037f7497d9df7,splatfacto,step-000029999.ckpt,30.92094612121582,0.942890465259552,0.0712427943944931
800cf88687a79c232700454c2f5a402e771bc7157037a17b0ce93da365b25575,splatfacto,step-000029999.ckpt,27.35940170288086,0.868507981300354,0.11452075093984604
8324b3ca22085040c2a0ecb7284e0cdf776b1f846b73a7c0df893587cb4a45f8,splatfacto,step-000029999.ckpt,25.83894920349121,0.9018244743347168,0.1025271788239479
85cd0e92110bcd35e826cbff16bb0e85d8117717adaf36f0698920f0fb9b2cfd,splatfacto,step-000029999.ckpt,30.365257263183594,0.9331755042076111,0.07831860333681107
8b9fb9d9f10e8c64d5034be69809465753b8ba88ef12da82afd47d38ee789934,splatfacto,step-000029999.ckpt,25.61772346496582,0.8662978410720825,0.11968933045864105
8cb2e97d26a639f05a571476240a8fa86988e6853f0f13cc05830d1578002aad,splatfacto,step-000029999.ckpt,31.020803451538086,0.9302723407745361,0.09536603838205338
8fdc5130f0731360cc053f59049bfe6db509567457c5471c970292966cb34f17,splatfacto,step-000029999.ckpt,29.84792709350586,0.9347317218780518,0.08394472301006317
90cb7ef95384138c2370f13a9ae1698fb1b5bdd68e8b3d01f8e53d38933a4b92,splatfacto,step-000029999.ckpt,31.237531661987305,0.9556745886802673,0.05965869873762131
917e9c8985d353b0ee4c281f11fa84eb8550814562670cbb82cd0ec9c1194fe7,splatfacto,step-000029999.ckpt,32.08417892456055,0.9545275568962097,0.043261609971523285
918c8dad730c3b804306c5da8486124be4aa0612e85fb825338fd350c912e1b0,splatfacto,step-000029999.ckpt,28.544492721557617,0.9159271717071533,0.09487579017877579
91afb9910b042f7185c2b8e4b6b24b5785dae4542617b3f8005b5492f6d123f7,splatfacto,step-000029999.ckpt,31.631393432617188,0.948099672794342,0.06389366090297699
946f49be73928469000baa5ca04d2573137c5ee6a66362bcf8d130354dca8924,splatfacto,step-000029999.ckpt,32.99630355834961,0.9597930312156677,0.035832636058330536
9641a1ed7963ce5ca734cff3e6ccea3dfa8bcb0b0a3ff78f65d32a080de2d71e,splatfacto,step-000029999.ckpt,27.02006721496582,0.8856191635131836,0.18945293128490448
9c8c0e0fadd97abf60088f667eba058ef077a71a8c0f5a4eff2782aa97f1ceb8,splatfacto,step-000029999.ckpt,28.559057235717773,0.889428973197937,0.08712512254714966
9cbc5548643ca9cfe797f871bac58bccd02f0510c49b7cb3697b38dfd780a508,splatfacto,step-000029999.ckpt,31.272663116455078,0.9430459141731262,0.0589214488863945
9e9a89ae6fed06d6e2f4749b4b0059f35ca97f848cedc4a14345999e746f7884,splatfacto,step-000029999.ckpt,31.559711456298828,0.9614726305007935,0.07842236012220383
9fb0588ff045ec64119c5bc91b44a4b7400e5fae5a17e67762b29e6855b57118,splatfacto,step-000029999.ckpt,31.156768798828125,0.9547813534736633,0.04265099763870239
a17a984ca90a9b5840fdf85b15104b0d18e25975981c1aa90fcdfd6eeeb285f3,splatfacto,step-000029999.ckpt,31.430421829223633,0.9564863443374634,0.049608636647462845
a401469cb0fa576b93e836a4a6d712394f1a55a0a53a42250286980bd078e669,splatfacto,step-000029999.ckpt,29.480443954467773,0.9285707473754883,0.06407621502876282
a62c330f5403e2e41a82a74c4e865b705c5706843b992fae2fe2e538b122d984,splatfacto,step-000029999.ckpt,28.45407485961914,0.9278271794319153,0.06980160623788834
a62f9a1c6362e7c8a3440261ea0921a0a4b60cf5822bd19579836694f26b3abd,splatfacto,step-000029999.ckpt,32.58684539794922,0.956275224685669,0.04954889044165611
a726c1112ad026efc92f59f196c0698e67abd12a04135a7ff6349b1d31b089eb,splatfacto,step-000029999.ckpt,26.56092643737793,0.9220246076583862,0.13238286972045898
adb95f29c15b8a89e40c17d10596679be09d7719c6f08a453facd506d056ea8b,splatfacto,step-000029999.ckpt,27.334293365478516,0.8703347444534302,0.12884008884429932
adf35184a12d4cfa3f4248b87aa5adb4f39f179df460d6d76136e13d37299a2a,splatfacto,step-000029999.ckpt,31.070920944213867,0.9296465516090393,0.130188450217247
af0d7039e64af3959210c235e59425896ac064f4e0f721c437bbd2cf1d8ea910,splatfacto,step-000029999.ckpt,27.307180404663086,0.9042376279830933,0.08659591525793076
b2076bc7231bac445b1a3d0015a410675a3222f25cc219e8178a62a0dd4ac63d,splatfacto,step-000029999.ckpt,29.554521560668945,0.936663806438446,0.07023453712463379
b3bf9079b442c681749f6bd95cfb0659c6d844f2228b2f4fa4b602a0e3627b9a,splatfacto,step-000029999.ckpt,29.276063919067383,0.9313818216323853,0.08090861141681671
b4f53094fd31dcc2de1c1d1fdfeffac5259e9bdf39d77b552ff948e4bdf1fd8e,splatfacto,step-000029999.ckpt,32.45304489135742,0.9572563767433167,0.03455280512571335
b5faa2a8ce980030125717352086bf9ec16c5d994bae3b3a732da3eb67cf4fa8,splatfacto,step-000029999.ckpt,30.100215911865234,0.88704913854599,0.17622312903404236
b6d1134cb03c855d246f916beaa2d3d01290cf47937a5176011ff39b850ec615,splatfacto,step-000029999.ckpt,30.36894989013672,0.9491840600967407,0.044875942170619965
b92b499c9bf92327d5f3a44c9db49bde3400dcb1cfec48d6488831e2b304d0bb,splatfacto,step-000029999.ckpt,33.78699493408203,0.9707238078117371,0.04905807971954346
ba55c875d20c34ee85ffc72264c4d77710852e5fb7d9ce4b9c26a8442850e98f,splatfacto,step-000029999.ckpt,34.49752426147461,0.9559893608093262,0.060604047030210495
c076929db6501cf7ebe386c70e6d77ea3af844a745e794f2ec17c981c465a69b,splatfacto,step-000029999.ckpt,34.13248825073242,0.9655280113220215,0.056839052587747574
c37109a55effe0000f8e40652ca935376e75bcb2a0b56de8eabd20a26e2a0f68,splatfacto,step-000029999.ckpt,23.389177322387695,0.7470887303352356,0.19646726548671722
c37726ce770ac50a2cf5c0f43022f0268e26da0d777cd8e3a3418c4eed03fd94,splatfacto,step-000029999.ckpt,26.944374084472656,0.8891059756278992,0.08655964583158493
c455899acfc8816353a55fade692d19d9c2bff68c8615f852931d5754848db74,splatfacto,step-000029999.ckpt,28.47191619873047,0.9126523733139038,0.09269295632839203
cbd44beb04f9c98f2d2c5affff89a6e0a72c25f1aa0c6f660fbd9e4d26702f8b,splatfacto,step-000029999.ckpt,33.96022415161133,0.9625229835510254,0.04864718019962311
cc08c0bdc34ddd2867705d0b17a86ec2a9d7c7926ce99070ed1fdc66a812de07,splatfacto,step-000029999.ckpt,30.210573196411133,0.9322987198829651,0.07343565672636032
cd9c981eeb4a9091547af19181b382698e9d9eee0a838c7c9783a8a268af6aee,splatfacto,step-000029999.ckpt,27.769643783569336,0.9206820130348206,0.07261237502098083
ceb252f5d4419510655cf9ed7afbf3e8e688825f798d80414c7715dc8ace153a,splatfacto,step-000029999.ckpt,33.42625045776367,0.9635251760482788,0.0498715378344059
d1b3a0b37acc72207295b05e8c359f8b43bf879eb882c60747cfc6d3c7d8efa3,splatfacto,step-000029999.ckpt,26.560415267944336,0.8885709047317505,0.09751521050930023
d3812aad538261e7f73c75762ff55f23b468bcc76f376d52ac86ca6cf3c44b4b,splatfacto,step-000029999.ckpt,23.034074783325195,0.8184806108474731,0.20405030250549316
d3af8212ae1600f078c4ac1ef3c9369a7f41ee9d005dbd0c545cf43fc35a9a23,splatfacto,step-000029999.ckpt,33.89048767089844,0.9557340145111084,0.048942286521196365
d4fbeba0168af8fddb2fc695881787aedcd62f477c7dcec9ebca7b8594bbd95b,splatfacto,step-000029999.ckpt,28.25851058959961,0.9130339622497559,0.06381163746118546
d8de66037bd03dd0d39d54f9978bac3318d912e30e22c21e1ada82a98ed48c53,splatfacto,step-000029999.ckpt,29.16029930114746,0.8944347500801086,0.11943930387496948
d904ae2998f775e4cb1dafe542b8df9706195c1983c4b2d5b2b5c71dcc75570a,splatfacto,step-000029999.ckpt,27.37811279296875,0.8937614560127258,0.10066740214824677
d9b6376623741313bf6da6bf4cdb9828be614a2ce9390ceb3f31cd535d661a75,splatfacto,step-000029999.ckpt,25.62535285949707,0.8445196151733398,0.12536878883838654
d9f4c746e6fa456323601b8ca05357c5585d34663c765107d901b4fd929d784b,splatfacto,step-000029999.ckpt,34.838584899902344,0.976576030254364,0.029040474444627762
dac9796dd69e1c25277e29d7e30af4f21e3b575d62a0a208c2b3d1211e2d5d77,splatfacto,step-000029999.ckpt,31.211719512939453,0.9533369541168213,0.07678811252117157
dafa9c7cbda9d1ddaa8a2b51fc8c54f4eb44161f5e5c53685dc744580ca77751,splatfacto,step-000029999.ckpt,24.865392684936523,0.8306588530540466,0.11692935973405838
ddfdcfdf02d53dd89a055cd9e1ed30272ab3f57c7560ac2c3761bb01d76a7882,splatfacto,step-000029999.ckpt,29.774492263793945,0.9387617111206055,0.058200404047966
ded5e4b46aedbef4cdb7bd1db7fc4cc5b00a9979ad6464bdadfab052cd64c101,splatfacto,step-000029999.ckpt,32.12904739379883,0.9384280443191528,0.14249961078166962
df04f58064684c1a31aa0ffbbcf34199d01d0a0ff289588eb2d6c6cf50a3922c,splatfacto,step-000029999.ckpt,32.288944244384766,0.9578622579574585,0.029400445520877838
df29c225863d0173e060b1f3fde4e6eb5a57a4e4edabd397026ba1a028aeb39e,splatfacto,step-000029999.ckpt,35.0655632019043,0.9561891555786133,0.052998870611190796
df4f9d9a0adfc54c49607bc792be6ed6f751b67e37c588472ea58b0d898310dd,splatfacto,step-000029999.ckpt,33.41786193847656,0.9526597261428833,0.11399836093187332
e5684b3292bfd77db297839fc37ee4cce7fd59775af1a6a4827e3b4f59c036d3,splatfacto,step-000029999.ckpt,29.597091674804688,0.9216970801353455,0.11631147563457489
e78f8cebd2bd93d960bfaeac18fac0bb2524f15c44288903cd20b73e599e8a81,splatfacto,step-000029999.ckpt,31.292221069335938,0.9479234218597412,0.039884816855192184
e8ce51b6abfe05bf8dca47e29c8be6c1e6de27a8c9fece7a121400b931b2ca0f,splatfacto,step-000029999.ckpt,26.6654052734375,0.919553279876709,0.1043962761759758
e9360e7a89bee835dc847cf8796093e634b759ff582558788dcfe8326f6e8901,splatfacto,step-000029999.ckpt,28.022981643676758,0.9202860593795776,0.08056213706731796
eb4cf52988f805e6fce11d1b239fa9de32eb157364cff06ebac0aa50e0a46567,splatfacto,step-000029999.ckpt,31.819673538208008,0.943965494632721,0.07622064650058746
ec1e44d4dc0f8fa77610866495f9297a7f82158c43e1777668b84fd4b736c7bc,splatfacto,step-000029999.ckpt,30.279014587402344,0.948210597038269,0.07693342864513397
ec305787b70029b782c71c1bf296c3885c7c22619e5661bd40085533ddfee5e4,splatfacto,step-000029999.ckpt,30.368425369262695,0.9465081095695496,0.056137435138225555
ed16328235c610f15405ff08711eaf15d88a0503884f3a9ccb5a0ee69cb4acb5,splatfacto,step-000029999.ckpt,29.484060287475586,0.9015588760375977,0.08628802746534348
ef59aac437132bfc1dd45a7e1f8e4800978e7bb28bf98c4428d26fb3e1da3e90,splatfacto,step-000029999.ckpt,30.448726654052734,0.8921794295310974,0.09307931363582611
f004c810d94bac93f527606a2ff859d646f99fcac0868c6c6905b29c718fa37b,splatfacto,step-000029999.ckpt,35.32881546020508,0.9787560105323792,0.03816784545779228
f477ffc4b398bed8e0d921f0fba9825ca63f317381c535c84be23be991ae1d7a,splatfacto,step-000029999.ckpt,31.781356811523438,0.954477846622467,0.09216108918190002
f71ac346cd0fc4652a89afb37044887ec3907d37d01d1ceb0ad28e1a780d8e03,splatfacto,step-000029999.ckpt,31.105127334594727,0.9422571659088135,0.03769174590706825
f7aaea9ac683bb1945cfeb1daa9abca3375249e0d19281a89a3f575040835464,splatfacto,step-000029999.ckpt,28.374807357788086,0.9194779396057129,0.07235835492610931
fb2c0499c225d6124938cadcf0dc48cbb490551b8a69c98386491c1366163632,splatfacto,step-000029999.ckpt,29.03302001953125,0.9337490200996399,0.06328021734952927
fb3b73f1d3fe9d192f21f55f5100fd258887aef345f778e0a64fc0587930a6f9,splatfacto,step-000029999.ckpt,25.47026252746582,0.8094691634178162,0.14315198361873627
ff592398657b3dfe94153332861985194a3e3c9d199c4a3a27a0ce4038e81ade,splatfacto,step-000029999.ckpt,32.633663177490234,0.9443193078041077,0.058323509991168976
032dee9fb0a8bc1b90871dc5fe950080d0bcd3caf166447f44e60ca50ac04ec7,tensorf,step-000029999.ckpt,20.504764556884766,0.5860979557037354,0.5457050800323486
0569e83fdc248a51fc0ab082ce5e2baff15755c53c207f545e6d02d91f01d166,tensorf,step-000029999.ckpt,20.561626434326172,0.5721280574798584,0.4010513722896576
06da796666297fe4c683c231edf56ec00148a6a52ab5bb159fe1be31f53a58df,tensorf,step-000029999.ckpt,25.10008430480957,0.7957009673118591,0.33225172758102417
073f5a9b983ced6fb28b23051260558b165f328a16b2d33fe20585b7ee4ad561,tensorf,step-000029999.ckpt,20.941402435302734,0.5238232612609863,0.43717169761657715
07d9f9724ca854fae07cb4c57d7ea22bf667d5decd4058f547728922f909956b,tensorf,step-000029999.ckpt,24.948488235473633,0.7700859308242798,0.2944089472293854
0853979305f7ecb80bd8fc2c8df916410d471ef04ed5f1a64e9651baa41d7695,tensorf,step-000029999.ckpt,24.257902145385742,0.7412049174308777,0.35670724511146545
093ef327b4e4f9d4ee52c02a354a53558a8652157fb0d58f3b4a708734afb334,tensorf,step-000029999.ckpt,20.60607147216797,0.6685842275619507,0.3937191963195801
0a1b7c20a92c43c6b8954b1ac909fb2f0fa8b2997b80604bc8bbec80a1cb2da3,tensorf,step-000029999.ckpt,23.158496856689453,0.7660453915596008,0.2640404999256134
0a485338bbdaf19ba9090b874bb36ef0599a9c9a475a382c22903cf5981c6ea6,tensorf,step-000029999.ckpt,25.064828872680664,0.7651997804641724,0.2999013662338257
0bfdd020cf475b9c68e4b469d1d1a2d0cad303eefe8b78fb2307855afdaac8be,tensorf,step-000029999.ckpt,19.020954132080078,0.5106791257858276,0.5379286408424377
119fd56d3797e2d349ca64ddcc5851463cd13b5974b5b2e4566ed5cf7e02e6c1,tensorf,step-000029999.ckpt,22.40473175048828,0.7187615036964417,0.3683191239833832
1264931635e127fb905c8953cbc2deadd0c763e633af7fbd9405a61ca849710c,tensorf,step-000029999.ckpt,20.188962936401367,0.4753391146659851,0.4256303608417511
14eb48a50e37df548894ab6d8cd628a21dae14bbe6c462e894616fc5962e6c49,tensorf,step-000029999.ckpt,23.752286911010742,0.7543205618858337,0.36324602365493774
15ff83e2531668d27c92091c97d31401ce323e24ee7c844cb32d5109ab9335f7,tensorf,step-000029999.ckpt,17.35377311706543,0.4896301031112671,0.5618075132369995
165f5af8bfe32f70595a1c9393a6e442acf7af019998275144f605b89a306557,tensorf,step-000029999.ckpt,22.117977142333984,0.6107527613639832,0.4324888288974762
183dd248f6a86e07c5adf9de8ee2d0abe45b1216331c03678e89634c2e9b1c7f,tensorf,step-000029999.ckpt,27.25320053100586,0.8415403962135315,0.2409028261899948
1ba74c22670ad047981441581d00f26f4a148d1010bcac7468c615adf5fa4d5d,tensorf,step-000029999.ckpt,26.12342071533203,0.8412713408470154,0.28503817319869995
1d6a9ed47cce39fd1c4d18f776bcc97e507b81bde921ca596bd91b0b02b5e414,tensorf,step-000029999.ckpt,18.75790786743164,0.4707660675048828,0.530528724193573
1da888bdedfc9629c0fa9f82cf3f5d96f8103baee0ff64d9311aea1224a9f2ae,tensorf,step-000029999.ckpt,28.93997573852539,0.8789592385292053,0.14484278857707977
1de58be515696102c364b767f296600ffff853d4145a60dd30ece9d935317654,tensorf,step-000029999.ckpt,20.486230850219727,0.5678507089614868,0.5359163284301758
2385549d398bdfb55ed17b547c9846f0d01d571b4e050f90df707b577084fb55,tensorf,step-000029999.ckpt,20.29727554321289,0.5842167139053345,0.42975667119026184
26fd23358fa11fff0fb3180ef0b65591b486e20dcf753ce4a7aae49a37e370c7,tensorf,step-000029999.ckpt,23.049686431884766,0.6392461061477661,0.38115477561950684
280abf7bd93b81b077af1db638229dbb09869052fa0b7b57c81c94d2db893829,tensorf,step-000029999.ckpt,26.797760009765625,0.8318113088607788,0.2503845691680908
286239bd0d4436b747987c40f8cbfc0675bb69435d4ab19a3f73b9d816d0c09a,tensorf,step-000029999.ckpt,22.998924255371094,0.7257745862007141,0.29575467109680176
2991a75d1f0fb2b7a891d424fc2459bb954b61599b52e74a056a7acfb2998b77,tensorf,step-000029999.ckpt,20.18136215209961,0.61785489320755,0.3883390426635742
2b65ba886efac7af6253fce68ae9284bf4d4db019e17c47f3e853361acbdb066,tensorf,step-000029999.ckpt,21.748435974121094,0.6664866209030151,0.3293163478374481
2beaca318994c25409dcbb6d0bdd96c3620f2f18aec44ea3f20edd302f18ca78,tensorf,step-000029999.ckpt,25.219362258911133,0.7995536923408508,0.20429156720638275
2cbfe28643b6636f9c70813cae7625aa858a352109493ac70fb429ce94dd55b3,tensorf,step-000029999.ckpt,23.046527862548828,0.7522779703140259,0.34623780846595764
2f3e1c0f688c84cec67f9a1ea219c54c14ffabf31a046e620dacc690cac2f1bd,tensorf,step-000029999.ckpt,20.28748321533203,0.6141442656517029,0.47518742084503174
32c2b92fac40c698fa92de008a9aad0857168d255363a850a89de88b5b3ec42e,tensorf,step-000029999.ckpt,28.545085906982422,0.8414109945297241,0.2416270524263382
341b4ff3dfd3d377d7167bd81f443bedafbff003bf04881b99760fc0aeb69510,tensorf,step-000029999.ckpt,22.432538986206055,0.7088175415992737,0.3352031111717224
35317e621976e87f0c143e66fc61fb8cddb4ff134304da7a00e32ac1983105b4,tensorf,step-000029999.ckpt,23.041757583618164,0.697003185749054,0.3570905029773712
35872363e17af5d173b6a0b09fcf5de94627ad5dc5f8a9ad4c579f3e70b4797a,tensorf,step-000029999.ckpt,25.804752349853516,0.8002006411552429,0.27131280303001404
374ffd0c5ff8e544f588f1da3ce0d5b69dc39ff3af95d7ccec480fe5e533c45e,tensorf,step-000029999.ckpt,27.163352966308594,0.8049880862236023,0.30865752696990967
387eeb925ba47af5db9ce6102aaf6b07e6d3573b7e7568dda4cef22d5ab1342f,tensorf,step-000029999.ckpt,23.779277801513672,0.7577046155929565,0.2695756256580353
389a460ca1995e0658e85fe8e6b520b4e88b370cd6710dfe728b1564bba31aee,tensorf,step-000029999.ckpt,28.454612731933594,0.89274662733078,0.20161591470241547
3b16a10ec9b4ab71580958b634485a979ffd6df0d368dbbf6fc1c5ffacf46b7a,tensorf,step-000029999.ckpt,22.913156509399414,0.6999044418334961,0.357237309217453
3b7529dcccf7097cba31a989536035595e214b0f3775867fd3a62eb186870090,tensorf,step-000029999.ckpt,23.572715759277344,0.746189534664154,0.2513684034347534
3bb3bb4d3e871d79eb71946cbab1e3afc7a8e33a661153033f32deb3e23d2e52,tensorf,step-000029999.ckpt,27.01294708251953,0.8780303597450256,0.16079029440879822
3bb894d1933f3081134ad2d40e54de5f0636bd8b502b0a8561873bb63b0dce85,tensorf,step-000029999.ckpt,23.94823455810547,0.73045814037323,0.2933654487133026
41036716da7efda334c1d434c4141d15642e0e02f881a01b6c8c36f8bea64c45,tensorf,step-000029999.ckpt,28.030506134033203,0.8662728071212769,0.20406916737556458
444da1b4a3f1ca019d4c9c1b405a579427746ccc96cab6dab7dcba5cb4fc998c,tensorf,step-000029999.ckpt,25.831714630126953,0.8235809206962585,0.2015182375907898
457e9a1ae777b0c72be723aaeec971b39cc6d5d413d922f981ec9785395f7ca9,tensorf,step-000029999.ckpt,23.139795303344727,0.7550021409988403,0.32493162155151367
484c0aca40c1087f196d2caf3c8cb463864c08e60b98326ca02eb6dae8ce4984,tensorf,step-000029999.ckpt,26.362018585205078,0.8493350148200989,0.2140195518732071
493816813d2d6d248eb3c2b0b77b63e54235266e9a06e270fd0d282f13960493,tensorf,step-000029999.ckpt,19.917789459228516,0.5347089171409607,0.4100610911846161
4ae797d07b6d1644c9db6919c8cc8c0d28d72be45108ac7a3abf8dc21b599d83,tensorf,step-000029999.ckpt,19.951478958129883,0.6461422443389893,0.38172274827957153
4ff8650b5c1140e98d957fbd1abbe2cfbbb416b37cb9f06f7f376956703801bb,tensorf,step-000029999.ckpt,25.710857391357422,0.8038855791091919,0.25918033719062805
50c46cf8b8b22c8d2ffdef8964b05ddbceaef312c9a9ff331d1ecebfd223f72a,tensorf,step-000029999.ckpt,27.382522583007812,0.8729907870292664,0.20295214653015137
513e4ea2e8477b06f2b32417d5c243aec71d491cb0596a60e9fe304c635f20a1,tensorf,step-000029999.ckpt,20.804651260375977,0.6218967437744141,0.46108368039131165
54bf355ca7e08ed1bc86f5772e564ac0f92981ca25dab24d86b694e915fc4c43,tensorf,step-000029999.ckpt,22.705154418945312,0.7436873912811279,0.3231257200241089
56452d9cd9e2e034764132a57058517ab085e1352f9664d2d1e10e98741334fc,tensorf,step-000029999.ckpt,18.738481521606445,0.4633660912513733,0.5695309638977051
565553aa894be621e8b4773cac288e60ad0c2cf7edb621be62b348c9a0f78380,tensorf,step-000029999.ckpt,22.396289825439453,0.6842624545097351,0.31768497824668884
599ca3e04cae3ec83affc426af7d0d7ab36eb91cd8e539edbc13070a4d455792,tensorf,step-000029999.ckpt,24.7756290435791,0.778572142124176,0.28643175959587097
5a27c00f525f5484b7aa0d0107051253bf7bb395bde0b3a4486ff8c52fb4965e,tensorf,step-000029999.ckpt,22.68419075012207,0.7330734133720398,0.2810748815536499
5a69d1027b477be4d2933b765723d57b272e0ace96be7885306464d54aa2c038,tensorf,step-000029999.ckpt,17.696197509765625,0.45605507493019104,0.49501317739486694
5c3af581028068a3c402c7cbe16ecf9471ddf2897c34ab634b7b1b6cf81aba00,tensorf,step-000029999.ckpt,21.23773956298828,0.6237446665763855,0.46001237630844116
5c8dafad7d782c76ffad8c14e9e1244ce2b83aa12324c54a3cc10176964acf04,tensorf,step-000029999.ckpt,25.717748641967773,0.8405188322067261,0.22572481632232666
5f0041e53d59d67c3ca25db97b269db183a532c4566a6bc46ca0e69cfa4234ad,tensorf,step-000029999.ckpt,26.270963668823242,0.8119803667068481,0.2423708289861679
63798f5c6fbfcb4eb686268248b8ecbc8d87d920b2bcce967eeaedfd3b3b6d82,tensorf,step-000029999.ckpt,26.18474006652832,0.8387988805770874,0.25929632782936096
669c36225b273e22ce08364f166dce910b708d7abd89e58463a15d2790b534d5,tensorf,step-000029999.ckpt,20.57210922241211,0.6789597868919373,0.4087250232696533
66fd66cbed40a2d11ecd17ae6d6d60cd60d476616864ecdd351fe69e644f30a1,tensorf,step-000029999.ckpt,27.7628173828125,0.8780146241188049,0.21516679227352142
6d221625614d0515fa44d59a8797a49b64f86bc775e66be22f07a66aa0a0cb3a,tensorf,step-000029999.ckpt,23.311019897460938,0.7059497237205505,0.36801043152809143
6d81c5ab0d480fd43d78b75ff372a8113ad38e2c03f1d69627c009883054d4c2,tensorf,step-000029999.ckpt,23.411725997924805,0.7002382874488831,0.3896026909351349
6e11e7f4fea305c7c4658d2c1f8df29e6f299330860cf48ffbf1c5ff8b96c0a8,tensorf,step-000029999.ckpt,29.903064727783203,0.9066646695137024,0.19009892642498016
70eac6ff18a1daae4eeccc5eb18723eaf7e029a77e79c79d9573f7bac59ba92b,tensorf,step-000029999.ckpt,23.880285263061523,0.7786598205566406,0.228019118309021
71b2dc8a2aa553da09b8b94b9f0d5e8abcca307def74d26301616ee238464d46,tensorf,step-000029999.ckpt,25.734453201293945,0.8296194076538086,0.2926386892795563
75fbbe467353cfdeb93bc1872144855576797be83a0c71c51155ee6b355d6d5e,tensorf,step-000029999.ckpt,25.180789947509766,0.7771558165550232,0.2593590319156647
7705a2edd022de9da3f8cead677287645986e982d9247a21e1992859a59f8335,tensorf,step-000029999.ckpt,26.066757202148438,0.7668482065200806,0.34223654866218567
7a9f97660be8f2421b37dd413c898360532f17c6447c11515e8aded2d80eb99d,tensorf,step-000029999.ckpt,26.538904190063477,0.8162940144538879,0.2950955927371979
7da3db99059a436adf537bc23309a6a4db9e011696d086f3a64037f7497d9df7,tensorf,step-000029999.ckpt,20.058988571166992,0.6602291464805603,0.3674986958503723
800cf88687a79c232700454c2f5a402e771bc7157037a17b0ce93da365b25575,tensorf,step-000029999.ckpt,21.42672348022461,0.60550856590271,0.4422207176685333
8324b3ca22085040c2a0ecb7284e0cdf776b1f846b73a7c0df893587cb4a45f8,tensorf,step-000029999.ckpt,21.107526779174805,0.694928765296936,0.37157854437828064
85cd0e92110bcd35e826cbff16bb0e85d8117717adaf36f0698920f0fb9b2cfd,tensorf,step-000029999.ckpt,25.151758193969727,0.7665942311286926,0.29275333881378174
8b9fb9d9f10e8c64d5034be69809465753b8ba88ef12da82afd47d38ee789934,tensorf,step-000029999.ckpt,20.0484561920166,0.5811184644699097,0.4025426208972931
8cb2e97d26a639f05a571476240a8fa86988e6853f0f13cc05830d1578002aad,tensorf,step-000029999.ckpt,27.32241439819336,0.8128648400306702,0.21734175086021423
8fdc5130f0731360cc053f59049bfe6db509567457c5471c970292966cb34f17,tensorf,step-000029999.ckpt,19.603147506713867,0.6499453783035278,0.49709415435791016
90cb7ef95384138c2370f13a9ae1698fb1b5bdd68e8b3d01f8e53d38933a4b92,tensorf,step-000029999.ckpt,28.033306121826172,0.8822613954544067,0.18967407941818237
917e9c8985d353b0ee4c281f11fa84eb8550814562670cbb82cd0ec9c1194fe7,tensorf,step-000029999.ckpt,20.32073974609375,0.6640088558197021,0.3319905996322632
918c8dad730c3b804306c5da8486124be4aa0612e85fb825338fd350c912e1b0,tensorf,step-000029999.ckpt,24.161935806274414,0.790123701095581,0.2885759770870209
91afb9910b042f7185c2b8e4b6b24b5785dae4542617b3f8005b5492f6d123f7,tensorf,step-000029999.ckpt,19.828289031982422,0.6591954827308655,0.4271158277988434
946f49be73928469000baa5ca04d2573137c5ee6a66362bcf8d130354dca8924,tensorf,step-000029999.ckpt,28.32418441772461,0.835450291633606,0.17750002443790436
9641a1ed7963ce5ca734cff3e6ccea3dfa8bcb0b0a3ff78f65d32a080de2d71e,tensorf,step-000029999.ckpt,22.204694747924805,0.6969654560089111,0.44241467118263245
9c8c0e0fadd97abf60088f667eba058ef077a71a8c0f5a4eff2782aa97f1ceb8,tensorf,step-000029999.ckpt,19.253170013427734,0.49685922265052795,0.4366735816001892
9cbc5548643ca9cfe797f871bac58bccd02f0510c49b7cb3697b38dfd780a508,tensorf,step-000029999.ckpt,21.43634605407715,0.6587929129600525,0.3639024496078491
9e9a89ae6fed06d6e2f4749b4b0059f35ca97f848cedc4a14345999e746f7884,tensorf,step-000029999.ckpt,26.482276916503906,0.8638600707054138,0.23035581409931183
9fb0588ff045ec64119c5bc91b44a4b7400e5fae5a17e67762b29e6855b57118,tensorf,step-000029999.ckpt,23.966371536254883,0.7963558435440063,0.24289782345294952
a17a984ca90a9b5840fdf85b15104b0d18e25975981c1aa90fcdfd6eeeb285f3,tensorf,step-000029999.ckpt,22.934680938720703,0.7576397061347961,0.25467798113822937
a401469cb0fa576b93e836a4a6d712394f1a55a0a53a42250286980bd078e669,tensorf,step-000029999.ckpt,21.050642013549805,0.6511407494544983,0.39456403255462646
a62c330f5403e2e41a82a74c4e865b705c5706843b992fae2fe2e538b122d984,tensorf,step-000029999.ckpt,22.56671142578125,0.718528151512146,0.32172077894210815
a62f9a1c6362e7c8a3440261ea0921a0a4b60cf5822bd19579836694f26b3abd,tensorf,step-000029999.ckpt,24.908355712890625,0.7830013036727905,0.26260724663734436
a726c1112ad026efc92f59f196c0698e67abd12a04135a7ff6349b1d31b089eb,tensorf,step-000029999.ckpt,23.392736434936523,0.8440071940422058,0.26383090019226074
adb95f29c15b8a89e40c17d10596679be09d7719c6f08a453facd506d056ea8b,tensorf,step-000029999.ckpt,21.4871768951416,0.6358873844146729,0.40819814801216125
adf35184a12d4cfa3f4248b87aa5adb4f39f179df460d6d76136e13d37299a2a,tensorf,step-000029999.ckpt,19.783248901367188,0.6943526864051819,0.45951852202415466
af0d7039e64af3959210c235e59425896ac064f4e0f721c437bbd2cf1d8ea910,tensorf,step-000029999.ckpt,21.184314727783203,0.6500042080879211,0.3354353904724121
b2076bc7231bac445b1a3d0015a410675a3222f25cc219e8178a62a0dd4ac63d,tensorf,step-000029999.ckpt,22.081491470336914,0.717292845249176,0.2828250825405121
b3bf9079b442c681749f6bd95cfb0659c6d844f2228b2f4fa4b602a0e3627b9a,tensorf,step-000029999.ckpt,23.31672477722168,0.7010508179664612,0.35634952783584595
b4f53094fd31dcc2de1c1d1fdfeffac5259e9bdf39d77b552ff948e4bdf1fd8e,tensorf,step-000029999.ckpt,22.43651008605957,0.6739230155944824,0.30407100915908813
b5faa2a8ce980030125717352086bf9ec16c5d994bae3b3a732da3eb67cf4fa8,tensorf,step-000029999.ckpt,20.669960021972656,0.5878614783287048,0.5737949013710022
b6d1134cb03c855d246f916beaa2d3d01290cf47937a5176011ff39b850ec615,tensorf,step-000029999.ckpt,22.40837860107422,0.73493492603302,0.24246837198734283
b92b499c9bf92327d5f3a44c9db49bde3400dcb1cfec48d6488831e2b304d0bb,tensorf,step-000029999.ckpt,26.12135124206543,0.8664953112602234,0.22959955036640167
ba55c875d20c34ee85ffc72264c4d77710852e5fb7d9ce4b9c26a8442850e98f,tensorf,step-000029999.ckpt,24.045732498168945,0.7697741389274597,0.31001949310302734
c076929db6501cf7ebe386c70e6d77ea3af844a745e794f2ec17c981c465a69b,tensorf,step-000029999.ckpt,25.126768112182617,0.7948418855667114,0.3012808859348297
c37109a55effe0000f8e40652ca935376e75bcb2a0b56de8eabd20a26e2a0f68,tensorf,step-000029999.ckpt,19.102169036865234,0.43506088852882385,0.4947745203971863
c37726ce770ac50a2cf5c0f43022f0268e26da0d777cd8e3a3418c4eed03fd94,tensorf,step-000029999.ckpt,21.54932403564453,0.6384629607200623,0.36943063139915466
c455899acfc8816353a55fade692d19d9c2bff68c8615f852931d5754848db74,tensorf,step-000029999.ckpt,24.14629554748535,0.764851450920105,0.31821268796920776
cbd44beb04f9c98f2d2c5affff89a6e0a72c25f1aa0c6f660fbd9e4d26702f8b,tensorf,step-000029999.ckpt,24.44321060180664,0.7426759004592896,0.29689618945121765
cc08c0bdc34ddd2867705d0b17a86ec2a9d7c7926ce99070ed1fdc66a812de07,tensorf,step-000029999.ckpt,22.109365463256836,0.6383229494094849,0.42583537101745605
cd9c981eeb4a9091547af19181b382698e9d9eee0a838c7c9783a8a268af6aee,tensorf,step-000029999.ckpt,21.76227378845215,0.6742925643920898,0.3319788873195648
ceb252f5d4419510655cf9ed7afbf3e8e688825f798d80414c7715dc8ace153a,tensorf,step-000029999.ckpt,24.700870513916016,0.7813939452171326,0.2857976257801056
d1b3a0b37acc72207295b05e8c359f8b43bf879eb882c60747cfc6d3c7d8efa3,tensorf,step-000029999.ckpt,19.595657348632812,0.577322244644165,0.4955916702747345
d3812aad538261e7f73c75762ff55f23b468bcc76f376d52ac86ca6cf3c44b4b,tensorf,step-000029999.ckpt,21.061315536499023,0.6811923980712891,0.4230200946331024
d3af8212ae1600f078c4ac1ef3c9369a7f41ee9d005dbd0c545cf43fc35a9a23,tensorf,step-000029999.ckpt,23.670013427734375,0.7248880863189697,0.32786014676094055
d4fbeba0168af8fddb2fc695881787aedcd62f477c7dcec9ebca7b8594bbd95b,tensorf,step-000029999.ckpt,22.116899490356445,0.7024317383766174,0.2288392037153244
d8de66037bd03dd0d39d54f9978bac3318d912e30e22c21e1ada82a98ed48c53,tensorf,step-000029999.ckpt,24.621612548828125,0.7319352626800537,0.3218430280685425
d904ae2998f775e4cb1dafe542b8df9706195c1983c4b2d5b2b5c71dcc75570a,tensorf,step-000029999.ckpt,23.70343017578125,0.70902019739151,0.3455171585083008
d9b6376623741313bf6da6bf4cdb9828be614a2ce9390ceb3f31cd535d661a75,tensorf,step-000029999.ckpt,20.849075317382812,0.5892965197563171,0.43093183636665344
d9f4c746e6fa456323601b8ca05357c5585d34663c765107d901b4fd929d784b,tensorf,step-000029999.ckpt,20.24681282043457,0.6586781740188599,0.4573667049407959
dac9796dd69e1c25277e29d7e30af4f21e3b575d62a0a208c2b3d1211e2d5d77,tensorf,step-000029999.ckpt,27.406713485717773,0.8723862767219543,0.1942383348941803
dafa9c7cbda9d1ddaa8a2b51fc8c54f4eb44161f5e5c53685dc744580ca77751,tensorf,step-000029999.ckpt,20.224925994873047,0.5451512336730957,0.350570410490036
ddfdcfdf02d53dd89a055cd9e1ed30272ab3f57c7560ac2c3761bb01d76a7882,tensorf,step-000029999.ckpt,23.481334686279297,0.7429837584495544,0.2663131058216095
ded5e4b46aedbef4cdb7bd1db7fc4cc5b00a9979ad6464bdadfab052cd64c101,tensorf,step-000029999.ckpt,25.53560447692871,0.8243808150291443,0.3147467076778412
df04f58064684c1a31aa0ffbbcf34199d01d0a0ff289588eb2d6c6cf50a3922c,tensorf,step-000029999.ckpt,22.348705291748047,0.6634846925735474,0.2870033085346222
df29c225863d0173e060b1f3fde4e6eb5a57a4e4edabd397026ba1a028aeb39e,tensorf,step-000029999.ckpt,22.890974044799805,0.6759706139564514,0.3717617690563202
df4f9d9a0adfc54c49607bc792be6ed6f751b67e37c588472ea58b0d898310dd,tensorf,step-000029999.ckpt,25.214630126953125,0.7822412252426147,0.32382312417030334
e5684b3292bfd77db297839fc37ee4cce7fd59775af1a6a4827e3b4f59c036d3,tensorf,step-000029999.ckpt,18.652536392211914,0.6822381019592285,0.46070462465286255
e78f8cebd2bd93d960bfaeac18fac0bb2524f15c44288903cd20b73e599e8a81,tensorf,step-000029999.ckpt,21.60175323486328,0.6456138491630554,0.32919615507125854
e8ce51b6abfe05bf8dca47e29c8be6c1e6de27a8c9fece7a121400b931b2ca0f,tensorf,step-000029999.ckpt,22.130887985229492,0.7375488877296448,0.33452022075653076
e9360e7a89bee835dc847cf8796093e634b759ff582558788dcfe8326f6e8901,tensorf,step-000029999.ckpt,20.51020050048828,0.6256816387176514,0.40997543931007385
eb4cf52988f805e6fce11d1b239fa9de32eb157364cff06ebac0aa50e0a46567,tensorf,step-000029999.ckpt,23.690696716308594,0.7418231964111328,0.3116908073425293
ec1e44d4dc0f8fa77610866495f9297a7f82158c43e1777668b84fd4b736c7bc,tensorf,step-000029999.ckpt,26.16622543334961,0.8409544825553894,0.23640494048595428
ec305787b70029b782c71c1bf296c3885c7c22619e5661bd40085533ddfee5e4,tensorf,step-000029999.ckpt,23.45248794555664,0.7655751705169678,0.31757980585098267
ed16328235c610f15405ff08711eaf15d88a0503884f3a9ccb5a0ee69cb4acb5,tensorf,step-000029999.ckpt,22.657474517822266,0.5787729024887085,0.40350133180618286
ef59aac437132bfc1dd45a7e1f8e4800978e7bb28bf98c4428d26fb3e1da3e90,tensorf,step-000029999.ckpt,23.055612564086914,0.5818694829940796,0.46103066205978394
f004c810d94bac93f527606a2ff859d646f99fcac0868c6c6905b29c718fa37b,tensorf,step-000029999.ckpt,19.509361267089844,0.6909288763999939,0.4547431170940399
f477ffc4b398bed8e0d921f0fba9825ca63f317381c535c84be23be991ae1d7a,tensorf,step-000029999.ckpt,26.02570915222168,0.8532310128211975,0.291504830121994
f71ac346cd0fc4652a89afb37044887ec3907d37d01d1ceb0ad28e1a780d8e03,tensorf,step-000029999.ckpt,21.317031860351562,0.5970106720924377,0.37068066000938416
f7aaea9ac683bb1945cfeb1daa9abca3375249e0d19281a89a3f575040835464,tensorf,step-000029999.ckpt,19.612812042236328,0.5631545186042786,0.4189053177833557
fb2c0499c225d6124938cadcf0dc48cbb490551b8a69c98386491c1366163632,tensorf,step-000029999.ckpt,22.283470153808594,0.7445452809333801,0.34844061732292175
fb3b73f1d3fe9d192f21f55f5100fd258887aef345f778e0a64fc0587930a6f9,tensorf,step-000029999.ckpt,20.110387802124023,0.49380186200141907,0.46249574422836304
ff592398657b3dfe94153332861985194a3e3c9d199c4a3a27a0ce4038e81ade,tensorf,step-000029999.ckpt,23.494997024536133,0.6961724162101746,0.33687010407447815
032dee9fb0a8bc1b90871dc5fe950080d0bcd3caf166447f44e60ca50ac04ec7,instant-ngp,step-000015999.ckpt,21.57021713256836,0.8512459993362427,0.15334856510162354
0569e83fdc248a51fc0ab082ce5e2baff15755c53c207f545e6d02d91f01d166,instant-ngp,step-000015999.ckpt,24.963600158691406,0.7891354560852051,0.1600123643875122
06da796666297fe4c683c231edf56ec00148a6a52ab5bb159fe1be31f53a58df,instant-ngp,step-000015999.ckpt,22.50980567932129,0.816674530506134,0.31722113490104675
073f5a9b983ced6fb28b23051260558b165f328a16b2d33fe20585b7ee4ad561,instant-ngp,step-000015999.ckpt,21.254995346069336,0.5896176099777222,0.37112876772880554
07d9f9724ca854fae07cb4c57d7ea22bf667d5decd4058f547728922f909956b,instant-ngp,step-000015999.ckpt,28.115007400512695,0.9499531984329224,0.045959748327732086
0853979305f7ecb80bd8fc2c8df916410d471ef04ed5f1a64e9651baa41d7695,instant-ngp,step-000015999.ckpt,27.81141471862793,0.9138932228088379,0.11732083559036255
093ef327b4e4f9d4ee52c02a354a53558a8652157fb0d58f3b4a708734afb334,instant-ngp,step-000015999.ckpt,25.655141830444336,0.8809009194374084,0.14431370794773102
0a1b7c20a92c43c6b8954b1ac909fb2f0fa8b2997b80604bc8bbec80a1cb2da3,instant-ngp,step-000015999.ckpt,29.02072525024414,0.9283795356750488,0.07068214565515518
0a485338bbdaf19ba9090b874bb36ef0599a9c9a475a382c22903cf5981c6ea6,instant-ngp,step-000015999.ckpt,23.540971755981445,0.859825074672699,0.1295444816350937
0bfdd020cf475b9c68e4b469d1d1a2d0cad303eefe8b78fb2307855afdaac8be,instant-ngp,step-000015999.ckpt,22.53357696533203,0.7207900285720825,0.2754790782928467
119fd56d3797e2d349ca64ddcc5851463cd13b5974b5b2e4566ed5cf7e02e6c1,instant-ngp,step-000015999.ckpt,23.642091751098633,0.817489743232727,0.22906433045864105
1264931635e127fb905c8953cbc2deadd0c763e633af7fbd9405a61ca849710c,instant-ngp,step-000015999.ckpt,22.725627899169922,0.6577773690223694,0.2785283923149109
14eb48a50e37df548894ab6d8cd628a21dae14bbe6c462e894616fc5962e6c49,instant-ngp,step-000015999.ckpt,24.820280075073242,0.8266658782958984,0.25803202390670776
15ff83e2531668d27c92091c97d31401ce323e24ee7c844cb32d5109ab9335f7,instant-ngp,step-000015999.ckpt,23.081466674804688,0.7574992179870605,0.22889119386672974
165f5af8bfe32f70595a1c9393a6e442acf7af019998275144f605b89a306557,instant-ngp,step-000015999.ckpt,23.595775604248047,0.736727237701416,0.2502923905849457
183dd248f6a86e07c5adf9de8ee2d0abe45b1216331c03678e89634c2e9b1c7f,instant-ngp,step-000015999.ckpt,26.965803146362305,0.8644818067550659,0.22499316930770874
1ba74c22670ad047981441581d00f26f4a148d1010bcac7468c615adf5fa4d5d,instant-ngp,step-000015999.ckpt,25.66530418395996,0.8966418504714966,0.20213010907173157
1d6a9ed47cce39fd1c4d18f776bcc97e507b81bde921ca596bd91b0b02b5e414,instant-ngp,step-000015999.ckpt,22.7292423248291,0.7248153686523438,0.2459636777639389
1da888bdedfc9629c0fa9f82cf3f5d96f8103baee0ff64d9311aea1224a9f2ae,instant-ngp,step-000015999.ckpt,24.805261611938477,0.8762452602386475,0.13813692331314087
1de58be515696102c364b767f296600ffff853d4145a60dd30ece9d935317654,instant-ngp,step-000015999.ckpt,31.150867462158203,0.9555687308311462,0.027991553768515587
2385549d398bdfb55ed17b547c9846f0d01d571b4e050f90df707b577084fb55,instant-ngp,step-000015999.ckpt,25.042095184326172,0.8204732537269592,0.15368153154850006
26fd23358fa11fff0fb3180ef0b65591b486e20dcf753ce4a7aae49a37e370c7,instant-ngp,step-000015999.ckpt,26.45809555053711,0.7924051880836487,0.19541209936141968
280abf7bd93b81b077af1db638229dbb09869052fa0b7b57c81c94d2db893829,instant-ngp,step-000015999.ckpt,23.208337783813477,0.8530746102333069,0.23326164484024048
286239bd0d4436b747987c40f8cbfc0675bb69435d4ab19a3f73b9d816d0c09a,instant-ngp,step-000015999.ckpt,21.75527000427246,0.786878228187561,0.22926467657089233
2991a75d1f0fb2b7a891d424fc2459bb954b61599b52e74a056a7acfb2998b77,instant-ngp,step-000015999.ckpt,22.574243545532227,0.7460801601409912,0.24519306421279907
2b65ba886efac7af6253fce68ae9284bf4d4db019e17c47f3e853361acbdb066,instant-ngp,step-000015999.ckpt,21.726707458496094,0.7558885216712952,0.2378768026828766
2beaca318994c25409dcbb6d0bdd96c3620f2f18aec44ea3f20edd302f18ca78,instant-ngp,step-000015999.ckpt,25.84691619873047,0.8447501063346863,0.15397919714450836
2cbfe28643b6636f9c70813cae7625aa858a352109493ac70fb429ce94dd55b3,instant-ngp,step-000015999.ckpt,26.578899383544922,0.9264428019523621,0.0913471207022667
2f3e1c0f688c84cec67f9a1ea219c54c14ffabf31a046e620dacc690cac2f1bd,instant-ngp,step-000015999.ckpt,22.40692710876465,0.7884925603866577,0.23550651967525482
32c2b92fac40c698fa92de008a9aad0857168d255363a850a89de88b5b3ec42e,instant-ngp,step-000015999.ckpt,28.240909576416016,0.8839218616485596,0.15964403748512268
341b4ff3dfd3d377d7167bd81f443bedafbff003bf04881b99760fc0aeb69510,instant-ngp,step-000015999.ckpt,22.767091751098633,0.8167281746864319,0.2165670245885849
35317e621976e87f0c143e66fc61fb8cddb4ff134304da7a00e32ac1983105b4,instant-ngp,step-000015999.ckpt,24.70728874206543,0.822944164276123,0.18605120480060577
35872363e17af5d173b6a0b09fcf5de94627ad5dc5f8a9ad4c579f3e70b4797a,instant-ngp,step-000015999.ckpt,25.40952491760254,0.832802414894104,0.2197013795375824
374ffd0c5ff8e544f588f1da3ce0d5b69dc39ff3af95d7ccec480fe5e533c45e,instant-ngp,step-000015999.ckpt,27.440752029418945,0.9004572629928589,0.125435933470726
387eeb925ba47af5db9ce6102aaf6b07e6d3573b7e7568dda4cef22d5ab1342f,instant-ngp,step-000015999.ckpt,25.715726852416992,0.8492844700813293,0.1608942449092865
389a460ca1995e0658e85fe8e6b520b4e88b370cd6710dfe728b1564bba31aee,instant-ngp,step-000015999.ckpt,24.317127227783203,0.8922072052955627,0.18641957640647888
3b16a10ec9b4ab71580958b634485a979ffd6df0d368dbbf6fc1c5ffacf46b7a,instant-ngp,step-000015999.ckpt,22.76468849182129,0.7503148317337036,0.30702680349349976
3b7529dcccf7097cba31a989536035595e214b0f3775867fd3a62eb186870090,instant-ngp,step-000015999.ckpt,26.428546905517578,0.8734340667724609,0.12139088660478592
3bb3bb4d3e871d79eb71946cbab1e3afc7a8e33a661153033f32deb3e23d2e52,instant-ngp,step-000015999.ckpt,23.17194938659668,0.8906097412109375,0.1577054262161255
3bb894d1933f3081134ad2d40e54de5f0636bd8b502b0a8561873bb63b0dce85,instant-ngp,step-000015999.ckpt,26.111291885375977,0.8454903960227966,0.15004940330982208
41036716da7efda334c1d434c4141d15642e0e02f881a01b6c8c36f8bea64c45,instant-ngp,step-000015999.ckpt,25.847055435180664,0.899620771408081,0.17326800525188446
444da1b4a3f1ca019d4c9c1b405a579427746ccc96cab6dab7dcba5cb4fc998c,instant-ngp,step-000015999.ckpt,24.111486434936523,0.8201298713684082,0.2217559516429901
457e9a1ae777b0c72be723aaeec971b39cc6d5d413d922f981ec9785395f7ca9,instant-ngp,step-000015999.ckpt,26.299671173095703,0.8614141941070557,0.19849570095539093
484c0aca40c1087f196d2caf3c8cb463864c08e60b98326ca02eb6dae8ce4984,instant-ngp,step-000015999.ckpt,23.842430114746094,0.8468019366264343,0.2528168559074402
493816813d2d6d248eb3c2b0b77b63e54235266e9a06e270fd0d282f13960493,instant-ngp,step-000015999.ckpt,24.118896484375,0.8264230489730835,0.13319683074951172
4ae797d07b6d1644c9db6919c8cc8c0d28d72be45108ac7a3abf8dc21b599d83,instant-ngp,step-000015999.ckpt,23.301000595092773,0.8251127004623413,0.1699354201555252
4ff8650b5c1140e98d957fbd1abbe2cfbbb416b37cb9f06f7f376956703801bb,instant-ngp,step-000015999.ckpt,25.671344757080078,0.9160413146018982,0.12124134600162506
50c46cf8b8b22c8d2ffdef8964b05ddbceaef312c9a9ff331d1ecebfd223f72a,instant-ngp,step-000015999.ckpt,26.807193756103516,0.9033655524253845,0.15881526470184326
513e4ea2e8477b06f2b32417d5c243aec71d491cb0596a60e9fe304c635f20a1,instant-ngp,step-000015999.ckpt,22.826383590698242,0.8185728192329407,0.16343478858470917
54bf355ca7e08ed1bc86f5772e564ac0f92981ca25dab24d86b694e915fc4c43,instant-ngp,step-000015999.ckpt,24.402023315429688,0.8624724745750427,0.16639158129692078
56452d9cd9e2e034764132a57058517ab085e1352f9664d2d1e10e98741334fc,instant-ngp,step-000015999.ckpt,21.3315486907959,0.6400293707847595,0.35229623317718506
565553aa894be621e8b4773cac288e60ad0c2cf7edb621be62b348c9a0f78380,instant-ngp,step-000015999.ckpt,22.261653900146484,0.8035898804664612,0.17612318694591522
599ca3e04cae3ec83affc426af7d0d7ab36eb91cd8e539edbc13070a4d455792,instant-ngp,step-000015999.ckpt,22.251197814941406,0.7831061482429504,0.29706957936286926
5a27c00f525f5484b7aa0d0107051253bf7bb395bde0b3a4486ff8c52fb4965e,instant-ngp,step-000015999.ckpt,26.05704689025879,0.8761590123176575,0.11870841681957245
5a69d1027b477be4d2933b765723d57b272e0ace96be7885306464d54aa2c038,instant-ngp,step-000015999.ckpt,21.98894500732422,0.7018271088600159,0.247536763548851
5c3af581028068a3c402c7cbe16ecf9471ddf2897c34ab634b7b1b6cf81aba00,instant-ngp,step-000015999.ckpt,27.443191528320312,0.9042004346847534,0.09461300075054169
5c8dafad7d782c76ffad8c14e9e1244ce2b83aa12324c54a3cc10176964acf04,instant-ngp,step-000015999.ckpt,26.693437576293945,0.9059677124023438,0.12448978424072266
5f0041e53d59d67c3ca25db97b269db183a532c4566a6bc46ca0e69cfa4234ad,instant-ngp,step-000015999.ckpt,27.522607803344727,0.9085540771484375,0.10680276155471802
63798f5c6fbfcb4eb686268248b8ecbc8d87d920b2bcce967eeaedfd3b3b6d82,instant-ngp,step-000015999.ckpt,25.354455947875977,0.8875914812088013,0.167959064245224
669c36225b273e22ce08364f166dce910b708d7abd89e58463a15d2790b534d5,instant-ngp,step-000015999.ckpt,23.5831298828125,0.8285905122756958,0.20140758156776428
66fd66cbed40a2d11ecd17ae6d6d60cd60d476616864ecdd351fe69e644f30a1,instant-ngp,step-000015999.ckpt,27.181442260742188,0.9173368215560913,0.13200949132442474
6d221625614d0515fa44d59a8797a49b64f86bc775e66be22f07a66aa0a0cb3a,instant-ngp,step-000015999.ckpt,24.11747932434082,0.7664335370063782,0.2598179578781128
6d81c5ab0d480fd43d78b75ff372a8113ad38e2c03f1d69627c009883054d4c2,instant-ngp,step-000015999.ckpt,18.901792526245117,0.658512532711029,0.43033039569854736
6e11e7f4fea305c7c4658d2c1f8df29e6f299330860cf48ffbf1c5ff8b96c0a8,instant-ngp,step-000015999.ckpt,26.93410301208496,0.9257480502128601,0.15510141849517822
70eac6ff18a1daae4eeccc5eb18723eaf7e029a77e79c79d9573f7bac59ba92b,instant-ngp,step-000015999.ckpt,22.961198806762695,0.7947436571121216,0.2249390035867691
71b2dc8a2aa553da09b8b94b9f0d5e8abcca307def74d26301616ee238464d46,instant-ngp,step-000015999.ckpt,28.648805618286133,0.940741240978241,0.07845150679349899
75fbbe467353cfdeb93bc1872144855576797be83a0c71c51155ee6b355d6d5e,instant-ngp,step-000015999.ckpt,26.28394889831543,0.8366199731826782,0.18571221828460693
7705a2edd022de9da3f8cead677287645986e982d9247a21e1992859a59f8335,instant-ngp,step-000015999.ckpt,26.385940551757812,0.831618070602417,0.25269031524658203
7a9f97660be8f2421b37dd413c898360532f17c6447c11515e8aded2d80eb99d,instant-ngp,step-000015999.ckpt,27.235502243041992,0.8785397410392761,0.189076766371727
7da3db99059a436adf537bc23309a6a4db9e011696d086f3a64037f7497d9df7,instant-ngp,step-000015999.ckpt,24.14215087890625,0.8337484002113342,0.1936047524213791
800cf88687a79c232700454c2f5a402e771bc7157037a17b0ce93da365b25575,instant-ngp,step-000015999.ckpt,21.9526424407959,0.6900076866149902,0.3381948471069336
8324b3ca22085040c2a0ecb7284e0cdf776b1f846b73a7c0df893587cb4a45f8,instant-ngp,step-000015999.ckpt,20.463197708129883,0.7712788581848145,0.2690824270248413
85cd0e92110bcd35e826cbff16bb0e85d8117717adaf36f0698920f0fb9b2cfd,instant-ngp,step-000015999.ckpt,25.57062530517578,0.8335429430007935,0.18236234784126282
8b9fb9d9f10e8c64d5034be69809465753b8ba88ef12da82afd47d38ee789934,instant-ngp,step-000015999.ckpt,21.088098526000977,0.7145493626594543,0.2690110206604004
8cb2e97d26a639f05a571476240a8fa86988e6853f0f13cc05830d1578002aad,instant-ngp,step-000015999.ckpt,24.74938201904297,0.8173907399177551,0.19432193040847778
8fdc5130f0731360cc053f59049bfe6db509567457c5471c970292966cb34f17,instant-ngp,step-000015999.ckpt,21.96240997314453,0.7887197136878967,0.24996204674243927
90cb7ef95384138c2370f13a9ae1698fb1b5bdd68e8b3d01f8e53d38933a4b92,instant-ngp,step-000015999.ckpt,26.350038528442383,0.8928855657577515,0.1761065423488617
917e9c8985d353b0ee4c281f11fa84eb8550814562670cbb82cd0ec9c1194fe7,instant-ngp,step-000015999.ckpt,27.20538902282715,0.8884570002555847,0.10219940543174744
918c8dad730c3b804306c5da8486124be4aa0612e85fb825338fd350c912e1b0,instant-ngp,step-000015999.ckpt,23.576549530029297,0.8338935375213623,0.23303690552711487
91afb9910b042f7185c2b8e4b6b24b5785dae4542617b3f8005b5492f6d123f7,instant-ngp,step-000015999.ckpt,25.75547981262207,0.8732323050498962,0.1490408033132553
946f49be73928469000baa5ca04d2573137c5ee6a66362bcf8d130354dca8924,instant-ngp,step-000015999.ckpt,27.871932983398438,0.8693463802337646,0.1132458746433258
9641a1ed7963ce5ca734cff3e6ccea3dfa8bcb0b0a3ff78f65d32a080de2d71e,instant-ngp,step-000015999.ckpt,22.590749740600586,0.7666815519332886,0.348063588142395
9c8c0e0fadd97abf60088f667eba058ef077a71a8c0f5a4eff2782aa97f1ceb8,instant-ngp,step-000015999.ckpt,21.964080810546875,0.6743927597999573,0.25159144401550293
9cbc5548643ca9cfe797f871bac58bccd02f0510c49b7cb3697b38dfd780a508,instant-ngp,step-000015999.ckpt,24.147174835205078,0.8171985745429993,0.19779549539089203
9e9a89ae6fed06d6e2f4749b4b0059f35ca97f848cedc4a14345999e746f7884,instant-ngp,step-000015999.ckpt,26.000614166259766,0.909428596496582,0.14676567912101746
9fb0588ff045ec64119c5bc91b44a4b7400e5fae5a17e67762b29e6855b57118,instant-ngp,step-000015999.ckpt,26.424428939819336,0.8855655193328857,0.11262428015470505
a17a984ca90a9b5840fdf85b15104b0d18e25975981c1aa90fcdfd6eeeb285f3,instant-ngp,step-000015999.ckpt,25.178665161132812,0.8748372197151184,0.13154445588588715
a401469cb0fa576b93e836a4a6d712394f1a55a0a53a42250286980bd078e669,instant-ngp,step-000015999.ckpt,24.786596298217773,0.8431826233863831,0.15990348160266876
a62c330f5403e2e41a82a74c4e865b705c5706843b992fae2fe2e538b122d984,instant-ngp,step-000015999.ckpt,24.2330265045166,0.8360074162483215,0.1793341040611267
a62f9a1c6362e7c8a3440261ea0921a0a4b60cf5822bd19579836694f26b3abd,instant-ngp,step-000015999.ckpt,24.744304656982422,0.8204031586647034,0.20822417736053467
a726c1112ad026efc92f59f196c0698e67abd12a04135a7ff6349b1d31b089eb,instant-ngp,step-000015999.ckpt,21.496797561645508,0.845940887928009,0.25932061672210693
adb95f29c15b8a89e40c17d10596679be09d7719c6f08a453facd506d056ea8b,instant-ngp,step-000015999.ckpt,18.782384872436523,0.7047975063323975,0.30763211846351624
adf35184a12d4cfa3f4248b87aa5adb4f39f179df460d6d76136e13d37299a2a,instant-ngp,step-000015999.ckpt,25.805702209472656,0.8535332083702087,0.18288029730319977
af0d7039e64af3959210c235e59425896ac064f4e0f721c437bbd2cf1d8ea910,instant-ngp,step-000015999.ckpt,22.651273727416992,0.7409044504165649,0.24559833109378815
b2076bc7231bac445b1a3d0015a410675a3222f25cc219e8178a62a0dd4ac63d,instant-ngp,step-000015999.ckpt,24.976720809936523,0.8402660489082336,0.16511178016662598
b3bf9079b442c681749f6bd95cfb0659c6d844f2228b2f4fa4b602a0e3627b9a,instant-ngp,step-000015999.ckpt,24.58620834350586,0.8342832326889038,0.16808824241161346
b4f53094fd31dcc2de1c1d1fdfeffac5259e9bdf39d77b552ff948e4bdf1fd8e,instant-ngp,step-000015999.ckpt,25.82309341430664,0.8461073040962219,0.1302185207605362
b5faa2a8ce980030125717352086bf9ec16c5d994bae3b3a732da3eb67cf4fa8,instant-ngp,step-000015999.ckpt,20.0063533782959,0.666858434677124,0.5138729810714722
b6d1134cb03c855d246f916beaa2d3d01290cf47937a5176011ff39b850ec615,instant-ngp,step-000015999.ckpt,23.8026180267334,0.8052627444267273,0.17562168836593628
b92b499c9bf92327d5f3a44c9db49bde3400dcb1cfec48d6488831e2b304d0bb,instant-ngp,step-000015999.ckpt,26.972814559936523,0.9281312823295593,0.09512769430875778
ba55c875d20c34ee85ffc72264c4d77710852e5fb7d9ce4b9c26a8442850e98f,instant-ngp,step-000015999.ckpt,28.54209327697754,0.9022682309150696,0.11030291020870209
c076929db6501cf7ebe386c70e6d77ea3af844a745e794f2ec17c981c465a69b,instant-ngp,step-000015999.ckpt,29.24237823486328,0.9195204377174377,0.1011660248041153
c37109a55effe0000f8e40652ca935376e75bcb2a0b56de8eabd20a26e2a0f68,instant-ngp,step-000015999.ckpt,20.47919273376465,0.5624642372131348,0.3799772560596466
c37726ce770ac50a2cf5c0f43022f0268e26da0d777cd8e3a3418c4eed03fd94,instant-ngp,step-000015999.ckpt,21.912214279174805,0.7115024924278259,0.27253490686416626
c455899acfc8816353a55fade692d19d9c2bff68c8615f852931d5754848db74,instant-ngp,step-000015999.ckpt,24.271451950073242,0.8319103717803955,0.22031168639659882
cbd44beb04f9c98f2d2c5affff89a6e0a72c25f1aa0c6f660fbd9e4d26702f8b,instant-ngp,step-000015999.ckpt,25.703094482421875,0.8843139410018921,0.11827312409877777
cc08c0bdc34ddd2867705d0b17a86ec2a9d7c7926ce99070ed1fdc66a812de07,instant-ngp,step-000015999.ckpt,25.668912887573242,0.8550395965576172,0.15534707903862
cd9c981eeb4a9091547af19181b382698e9d9eee0a838c7c9783a8a268af6aee,instant-ngp,step-000015999.ckpt,20.399709701538086,0.7761781215667725,0.19832682609558105
ceb252f5d4419510655cf9ed7afbf3e8e688825f798d80414c7715dc8ace153a,instant-ngp,step-000015999.ckpt,26.944808959960938,0.9070847630500793,0.10847777128219604
d1b3a0b37acc72207295b05e8c359f8b43bf879eb882c60747cfc6d3c7d8efa3,instant-ngp,step-000015999.ckpt,23.116147994995117,0.7614389061927795,0.25499850511550903
d3812aad538261e7f73c75762ff55f23b468bcc76f376d52ac86ca6cf3c44b4b,instant-ngp,step-000015999.ckpt,19.95269012451172,0.6912477612495422,0.43229174613952637
d3af8212ae1600f078c4ac1ef3c9369a7f41ee9d005dbd0c545cf43fc35a9a23,instant-ngp,step-000015999.ckpt,26.257312774658203,0.8593589663505554,0.1464557647705078
d4fbeba0168af8fddb2fc695881787aedcd62f477c7dcec9ebca7b8594bbd95b,instant-ngp,step-000015999.ckpt,23.73230743408203,0.754767656326294,0.18364356458187103
d8de66037bd03dd0d39d54f9978bac3318d912e30e22c21e1ada82a98ed48c53,instant-ngp,step-000015999.ckpt,23.798320770263672,0.7577271461486816,0.3145686686038971
d904ae2998f775e4cb1dafe542b8df9706195c1983c4b2d5b2b5c71dcc75570a,instant-ngp,step-000015999.ckpt,22.28255271911621,0.7495673894882202,0.2869392931461334
d9b6376623741313bf6da6bf4cdb9828be614a2ce9390ceb3f31cd535d661a75,instant-ngp,step-000015999.ckpt,22.216293334960938,0.6841276288032532,0.3220714032649994
d9f4c746e6fa456323601b8ca05357c5585d34663c765107d901b4fd929d784b,instant-ngp,step-000015999.ckpt,27.685503005981445,0.9310913681983948,0.07926003634929657
dac9796dd69e1c25277e29d7e30af4f21e3b575d62a0a208c2b3d1211e2d5d77,instant-ngp,step-000015999.ckpt,26.65165138244629,0.8791539072990417,0.1743825227022171
dafa9c7cbda9d1ddaa8a2b51fc8c54f4eb44161f5e5c53685dc744580ca77751,instant-ngp,step-000015999.ckpt,20.350833892822266,0.5743745565414429,0.32771575450897217
ddfdcfdf02d53dd89a055cd9e1ed30272ab3f57c7560ac2c3761bb01d76a7882,instant-ngp,step-000015999.ckpt,24.29711151123047,0.7968991994857788,0.20792673528194427
ded5e4b46aedbef4cdb7bd1db7fc4cc5b00a9979ad6464bdadfab052cd64c101,instant-ngp,step-000015999.ckpt,26.692720413208008,0.8884055018424988,0.20153746008872986
df04f58064684c1a31aa0ffbbcf34199d01d0a0ff289588eb2d6c6cf50a3922c,instant-ngp,step-000015999.ckpt,26.763837814331055,0.8942245841026306,0.06925854086875916
df29c225863d0173e060b1f3fde4e6eb5a57a4e4edabd397026ba1a028aeb39e,instant-ngp,step-000015999.ckpt,28.63346290588379,0.8420560956001282,0.1690460592508316
df4f9d9a0adfc54c49607bc792be6ed6f751b67e37c588472ea58b0d898310dd,instant-ngp,step-000015999.ckpt,25.492874145507812,0.8675031661987305,0.20004449784755707
e5684b3292bfd77db297839fc37ee4cce7fd59775af1a6a4827e3b4f59c036d3,instant-ngp,step-000015999.ckpt,24.271120071411133,0.818819522857666,0.25568249821662903
e78f8cebd2bd93d960bfaeac18fac0bb2524f15c44288903cd20b73e599e8a81,instant-ngp,step-000015999.ckpt,23.736467361450195,0.852993369102478,0.10264444351196289
e8ce51b6abfe05bf8dca47e29c8be6c1e6de27a8c9fece7a121400b931b2ca0f,instant-ngp,step-000015999.ckpt,22.304969787597656,0.8170575499534607,0.2371762990951538
e9360e7a89bee835dc847cf8796093e634b759ff582558788dcfe8326f6e8901,instant-ngp,step-000015999.ckpt,22.689632415771484,0.7959977984428406,0.22094780206680298
eb4cf52988f805e6fce11d1b239fa9de32eb157364cff06ebac0aa50e0a46567,instant-ngp,step-000015999.ckpt,27.4439697265625,0.8803647756576538,0.14172586798667908
ec1e44d4dc0f8fa77610866495f9297a7f82158c43e1777668b84fd4b736c7bc,instant-ngp,step-000015999.ckpt,25.924842834472656,0.8726814985275269,0.17849957942962646
ec305787b70029b782c71c1bf296c3885c7c22619e5661bd40085533ddfee5e4,instant-ngp,step-000015999.ckpt,23.855289459228516,0.8649657368659973,0.16813835501670837
ed16328235c610f15405ff08711eaf15d88a0503884f3a9ccb5a0ee69cb4acb5,instant-ngp,step-000015999.ckpt,23.289199829101562,0.7006226778030396,0.25917863845825195
ef59aac437132bfc1dd45a7e1f8e4800978e7bb28bf98c4428d26fb3e1da3e90,instant-ngp,step-000015999.ckpt,24.735084533691406,0.7425422072410583,0.24235983192920685
f004c810d94bac93f527606a2ff859d646f99fcac0868c6c6905b29c718fa37b,instant-ngp,step-000015999.ckpt,29.01072883605957,0.9424712061882019,0.09018807113170624
f477ffc4b398bed8e0d921f0fba9825ca63f317381c535c84be23be991ae1d7a,instant-ngp,step-000015999.ckpt,26.10008430480957,0.8958889842033386,0.1719076782464981
f71ac346cd0fc4652a89afb37044887ec3907d37d01d1ceb0ad28e1a780d8e03,instant-ngp,step-000015999.ckpt,25.438400268554688,0.8129867911338806,0.14070765674114227
f7aaea9ac683bb1945cfeb1daa9abca3375249e0d19281a89a3f575040835464,instant-ngp,step-000015999.ckpt,23.02571678161621,0.759525716304779,0.22057975828647614
fb2c0499c225d6124938cadcf0dc48cbb490551b8a69c98386491c1366163632,instant-ngp,step-000015999.ckpt,25.421445846557617,0.8500816226005554,0.17032350599765778
fb3b73f1d3fe9d192f21f55f5100fd258887aef345f778e0a64fc0587930a6f9,instant-ngp,step-000015999.ckpt,19.227792739868164,0.5597563982009888,0.37851154804229736
ff592398657b3dfe94153332861985194a3e3c9d199c4a3a27a0ce4038e81ade,instant-ngp,step-000015999.ckpt,25.738527297973633,0.8315817713737488,0.16706468164920807
